file_id,url,title,name,class,order,family,describe,feature,size,habitat,inner,outer,level,others
001-小齿锯鳐,http://localhost:8000/info/static/animals/001-小齿锯鳐.txt,《小齿锯鳐》,小齿锯鳐,软骨鱼纲,锯鳐目,锯鳐目,体延长而平扁，背面稍圆凸，腹面平坦。头平扁，三角形。尾宽大，向后细小，下侧具一皮褶。眼上侧位，椭圆形。喷水孔斜位，与眼的距离等于喷水孔长或稍大。吻平扁，较宽大，剑状突出，前端圆钝；吻齿17-22对，基底长约等于其间隔的1/3。鼻孔狭长，斜侧位；前鼻瓣具1个小三角形突出；后鼻瓣外侧具一扁狭薄膜，内侧具一袜状突出，转入于鼻腔中。口宽大，横列，齿细小而多，平扁光滑，铺石状排列。鳃孔5个，颇小，斜列于头之后部腹面上，在胸鳍前部的内侧。背鳍2个，无硬棘，形状相同；前缘圆凸，后缘凹入，上角钝尖，下角延长尖突；第一背鳍较前位，起点前于腹鳍起点，基底的后半部与腹鳍基底的前半部相对；第二背鳍比第一背鳍稍小，鳍端未伸达尾基，基底长约等于背鳍间隔的2/3。尾鳍较狭长，上下叶都发达，下叶前部小三角形突出，后部无缺刻。腹鳍比背鳍稍小，后缘稍凹入，里角稍尖突，几伸达第二背鳍起点下方。胸鳍宽大，外角钝尖，后缘凹入，里角尖突，基底前延，伸达第一鳃孔与下颌之间。,,体长达4-5 m,,广州，南海,印度洋，印度尼西亚，澳大利亚，大西洋,濒危,小齿锯鳐属食用经济鱼类，肉可鲜食，也可加共鱼糜，皮可制革，鳍可加工鱼翅。胆、卵、肝、鳍均可入药
002-猎隼,http://localhost:8000/info/static/animals/002-猎隼.txt,《猎隼》,猎隼,鸟纲,隼形目,隼科,猎隼（拉丁学名：Falco cherrug），季候鸟，大型猛禽。主要以鸟类和小型动物为食。分布广泛，中国和中欧、北非、印度北部、蒙古常见。中国国家一级重点保护动物,总体特征：猎隼体重510-1200克，体长278-779毫米。猎隼是体大且胸部厚实的浅色隼。颈背偏白，头顶浅褐。头部对比色少，眼下方具不明显黑色线条，眉纹白。上体多褐色而略具横斑，与翼尖的深褐色成对比。尾具狭窄的白色羽端。下体偏白，狭窄翼尖深色，翼下大覆羽具黑色细纹。翼比游隼形钝而色浅。幼鸟上体褐色深沉，下体满布黑色纵纹。叫声似游隼但较沙哑。 [1-2] ；体态特征：下方具不明显黑色线条，眉纹白 ；头顶砖红色，具暗褐色纵纹，后颈色较淡，具较窄的纹；颊部白色，背、肩、腰暗褐色，具砖红色点斑和横斑；尾黑褐色，具砖红色横斑；翅亦黑褐色，飞羽内和覆羽具砖红色横斑和淡色羽端；下腹、尾下覆羽和覆腿羽为白棕色，具较细的暗褐色纵纹。雄性长度：45厘米 ；雌性长度：55厘米。雄性翼展：100 -110厘米 ；雌性翼展：120-130厘米。雄性重量：730 -990克 ；雌性体重：970-1300克。虹膜－褐色；嘴－灰色，蜡膜浅黄；脚－浅黄。 [1-2],体长278-779毫米,,北方,中欧，北非，印度，蒙古,濒危,猎隼易于驯养，经驯养后是很好的狩猎工具，历史上就有猎手驯养猎隼。在阿拉伯国家，驯养隼类是一种时尚，财富和身份的象征。因此，国内有一些不法分子非法捕捉猎隼从事走私活动，给该物种造成了较大危胁。隼类的贸易驱使人们捕捉而导致种群数量下降。 [3] 古国政府在2012年决定，将猎隼确定为蒙古国“国鸟”。蒙古国官方数据显示，蒙古国境内现存猎隼约6800只。据蒙古国官方统计，从2000年至2013年左右，蒙古国共出口猎隼约3000只，2011年出口240只，2012年允许出口150只，每只售价约1.2万美元，主要出口到科威特、卡塔尔、沙特阿拉伯、阿联酋等国。在阿拉伯国家，驯养隼类是一种时尚、财富和身份的象征。 [5] 蒙古国政府于2012年1月12日宣布未来五年内禁止出口“国鸟”猎隼。此举被认为对保护猎隼种群生存繁衍具有积极意义。猎隼是深受蒙古国人民喜爱的猛禽，被世界自然保护联盟列入濒危物种红色名录。每年夏季，约有6800只猎隼在蒙古国停留生息。此外，蒙古国境内在2012年左右偷猎猎隼行为也有所增加。偷猎者通过出售捕获的猎隼牟取暴利。为保护猎隼种群，蒙古国政府已加大打击非法偷猎行为力度。 [6]
003-虎纹蛙,http://localhost:8000/info/static/animals/003-虎纹蛙.txt,《虎纹蛙》,虎纹蛙,两栖纲,无尾目,叉舌蛙科,虎纹蛙（学名：Hoplobatrachus rugulosus）是叉舌蛙科、虎纹蛙属动物。体大，雄蛙体长66-98毫米、雌蛙体长8-121毫米，体重可达250克左右。头长大于头宽，吻端钝尖；下颌前缘有两个齿状骨突；瞳孔横椭圆形，眼间距小于上眼睑宽，鼓膜约为眼径的3/4。体背面粗糙，无背侧褶，背部有长短不一，多断续排列成纵行的肤棱，其间散有小疣粒，胫部纵行肤棱明显；头侧，手，足背面和体腹面光滑。指、趾末端钝尖，无沟；后肢较短前伸贴体时胫跗关节达眼至肩部，左右跟部相遇或略重叠；笫一，五趾游离侧缘膜发达；趾间全蹼。背面多为黄绿色或灰棕色，散有不规则的深绿褐色斑纹；四肢横纹明显；体和四肢腹面肉色，咽、胸部有棕色斑，胸后和腹部略带浅蓝色，有斑或无斑。雄性第一指上灰色婚垫发达；有1对咽侧外声囊。卵径1.8毫米左右；动物极深粽色，植物极乳白色。[1],雄蛙体长66C98毫米，雌蛙体长87C121毫米，体重可达250克左右。 [5]  头长略大于头宽吻端钝尖，吻长为眼径的1.5-2倍，吻棱钝，颊部向外倾斜鼻孔略近吻端或于吻眼之间鼻间距大于眼间距，而小于上眼睑宽鼓膜明显，约为眼径的3/4上颌齿锐利犁骨齿极强，自内鼻孔内侧前缘向中线集中，后端不相遇舌后端缺刻深下颌前侧方有两个骨质齿状突，恰与上颌的两个凹陷相吻合。前肢短指短，第一、第三指几乎等长，第四指短于第一、第三指而长于第二指指端钝尖第二、第三指指侧具缘膜关节下瘤明显指间无蹼，内掌突略显，无外掌突。后肢较短，前伸贴体时胫跗关节达鼓膜，左、右跟部相遇，少数略重叠，胫长不及体长之半有内跗褶趾末端钝尖，关节下瘤小趾间全蹼，第一、第五趾游离侧缘膜发达，外侧间蹼达基部内突窄长，具游离刃，无外突。 [6]背面皮肤粗糙，无背侧褶背部有长短不一、分布不很规则的纵行肤棱，多者可达10多行上眼睑也有肤棱，顺眼睑作弧形排列肤棱间及体侧散有小疣粒胫部疣粒常排成纵行，跗外侧及底部有细颗粒颞褶明显头侧、口缘及腹面的皮肤光滑。 [6] 生活时背面黄绿色或灰棕色，背部、头侧及体侧有深色不规则的斑纹四肢背面有深色横纹腹面白色，咽喉、胸部有灰黑色或棕色斑纹，少数斑纹达腹部。液浸标本灰棕色，深色斑纹明显。 [6],雄蛙体长66C98毫米，雌蛙体长87C121毫米,虎纹蛙常生活于海拔900米以下稻田、沟渠、池塘、水库、沼泽地等有水的地方，其栖息地随觅食、繁殖、越冬等不同生活时期而改变,河南，陕西，安徽，江苏，上海，浙江，江西，湖南，福建，四川，云南，贵州，湖北，台湾，澳门，广东，海南，广西，香港,柬埔寨，老挝，缅甸，泰国，越南,濒危,虎纹蛙个体较大，经济价值高。虎纹蛙和其他蛙类一样，都以农业害虫为主食
004-大鲵,http://localhost:8000/info/static/animals/004-大鲵.txt,《大鲵》,大鲵,两栖纲,有尾目,隐鳃鲵科,大鲵（学名：Andrias davidianus）是隐腮鲵科、大鲵属有尾两栖动物。体大而扁平，一般全长582～834毫米，头体长310～585毫米，最大个体全长可达200厘米以上。头大扁平而宽阔，头长略大于头宽；雄鲵肛部隆起，椭圆形，肛孔较大，内壁有乳白色小颗粒；雌鲵肛部无隆起，泄殖肛孔较小，周围向内凹入，孔内壁平滑，无乳白色小颗粒。,成体：体大而扁平，一般全长582～834毫米，头体长310～585毫米，最大个体全长可达200厘米以上。头大扁平而宽阔，头长略大于头宽，头宽为头体长的1/5～1/4；吻端圆，外鼻孔小，近吻端，鼻间距为眼间距的l/3或1/2；眼很小，无眼睑，位背侧，眼间距宽；口大，口后缘上唇唇褶清晰；犁骨齿列甚长位于犁腭骨前缘，左右相连，相连处微凹，与上颌齿平行排列呈一弧形；舌大而圆，与口腔底部粘连，四周略游离。躯干粗壮扁平，颈褶明显，体侧有宽厚的纵行肤褶和若干圆形疣粒，腋胯部间距约为全长的1/3，有肋沟12～15条。四肢粗短，后肢略长，指、趾扁平；前后肢贴体相对时，指、趾端间距相隔6个肋沟左右；肢体后缘有肤褶，与外侧指、趾缘膜相连；指4个，指长顺序为2、1、3、4；趾5个，趾长顺序为3、4、2、5、1；第四指及第三、四、五趾外侧有缘膜；显得极为宽扁；蹼不发达，仅趾间有微蹼。尾长约为头体长的一半，尾高为尾长的1/3～1/4，尾基部略呈柱状，向后逐渐侧扁，尾背鳍褶高而厚，尾腹鳍褶在近尾稍处方始明显，尾末端钝圆。肛孔短小成短裂缝状；雌性的肛周皮肤光滑，雄性沿肛裂两侧形成疣粒状；繁殖季节期间雄性肛部肛肿。雄性全长510毫米时，睾丸长、宽、高为66.5毫米×14.0毫米×8.5毫米，色乳黄。采于陕西洋县的雌鲵全长465毫米的个体，卵巢内卵的直径为4.5毫米，呈乳黄色。体表光滑湿润；头部背腹面小疣粒成对排列；眼眶周围的疣粒排列较为整齐，更为集中，头顶和咽喉中部及上、下唇缘光滑无疣，眼眶下方、口角后及颈侧疣粒排列成行；体侧粗厚的纵行肤褶明显，上、下方之疣粒较大；其他部位的皮肤较光滑。全长160毫米幼鲵，体侧的肤褶及疣粒均不明显。生活时体色变异较大，一般以棕褐色为主，其变异颜色有暗黑、红棕、褐色、浅褐、黄土、灰褐和浅棕等色。背腹面有不规则的黑色或深褐色的各种斑纹，也有斑纹不明显的。幼体与未达性成熟的次成体的体色均较淡，以浅褐色为主，且有分散的小黑斑点；腹面色较浅；四肢外侧多有浅色斑。在湖北宜昌地区发现的白化个体，体尾均为银白或金黄色。,全长582～834毫米,成鲵一般常栖息在海拔1000米以下的溪河深潭内的岩洞、石穴之中，以滩口上下的洞穴内较为常见,河北，河南，山西，陕西，甘肃，青海，四川，重庆，贵州，云南，湖北，安徽，江苏，上海，浙江，江西，湖南，福建，广东，广西,,极危,种群现状：由于大鲵经济价值较高，人们过度捕捞作为食用日趋严重，加之江河污染，生态环境遭到破坏，致使大鲵数量锐减，许多地方资源枯竭，甚至濒临绝灭。 [6] 中国大鲵资源急剧下降始于20世纪80～90年代。陕西南部的秦岭、巴山、米仓山地区是我国野生大鲵分布气候最适宜、数量最多的地区，在20世纪80年代初大鲵资源依然非常丰富，汉中市内山区的河道内经常可以见到大鲵活动。1990年前后汉中市大鲵数量锐减，1991年刘诗峰等调查发现，大鲵资源蕴藏量仍较大，存量在2.2～2.3万尾。但时至今日，自然大鲵几近绝迹，河溪内见不到大鲵存在。湖南张家界市大鲵资源曾非常多，20世纪50年代桑植、大庸和慈利3个县每年收购出口5万千克大鲵，80年代后大鲵资源迅速减少；2006～2008年罗庆华等对张家界市大鲵分布区域和资源数量调查发现，野生资源仅存2001尾。山西全省大鲵资源量在20世纪70年代末约为10吨，到1994年锐减到2吨左右，部分河溪中大鲵已经绝迹。在河南伏牛山区，大鲵曾是当地的两栖动物优势种，20世纪70年代前，内乡宝天曼自然保护区（当时还未建成保护区）几乎所有溪流都有大鲵分布，80年代后期仅在高山溪流中见到，90年代难见其踪迹，2010年调查证明已无大鲵分布。贵州黔东武陵山区曾是大鲵的主要产区，溪河中经常可见大鲵，20世纪80年代大鲵资源蕴藏量急剧下降，仅有零星分布，且多生活在喀斯特地下暗河中，不易被发现和调查。安徽皖南山区和大别山区自然环境优越，大鲵曾分布广泛，资源量丰富，1994年安徽水产局进行全省大鲵资源全面调查时发现有36.5～56.2吨，但正以惊人的速度衰减，多地已绝迹。可见，中国大鲵的野生种群数量已急剧下降，物种资源几近枯竭。 [4]
005-豚尾猴,http://localhost:8000/info/static/animals/005-豚尾猴.txt,《豚尾猴》,豚尾猴,哺乳纲,灵长目,猴科,识别特征: 中型猕猴类的一种，体重35-14kg， 体长480-615mm，尾长180-234mm。体型较粗壮。尾较细而圆，除尾端有较短稀毛外，几乎裸出，形似猪尾或扫帚状，常上翘呈"Ｓ"型，故名。分布于我国的为缅北亚种（Macaca nemestrina leonina）。,豚尾猴系较典型的东南亚热带灵长类，主要见于热带雨林、季雨林和南亚热带季风常绿阔叶林或部分季节性落叶阔叶林。栖息高度一般在2500m以下。它的尾较长与林栖习性有关，更喜树栖，多数时间在树上活动，但也见在林下地面活动和觅食，甚至在河边裸岩附近稀树草丛中游荡。豚尾猴几乎很少在某一林地中较长停留，而常呈游荡式的广泛活动。群体大小由几只到40或50只不等。主食各种野果、芽苞、嫩尖、种子、昆虫及其它小动物等。,体长480-615mm，尾长180-234mm,,云南,印度，泰国，缅甸，马来亚，苏门答腊，加里曼丹,,种群现状 50-60年代，我国的豚尾猴数量较多，估计不少于3000只。80年代以后，据杨德华等1986年的调查，云南仅有豚尾猴约900-1000只（马世来等，1988）。 饲养情况 国内仅在一些单位有少量饲养，除广西灵长类实验动物研究中心养有50余只外，其它单位的饲养规模均较小， 一般只养有3-10只（沈培清，1994）。豚尾猴在饲养条件下均能繁殖。性成熟年龄：雌性约3.5岁，雄性5.5岁。雌性月经周期平均为31天，妊娠期 170天左右，哺乳期6-8个月。动物园最长的饲养记录为26年零4个月。致危因素 栖息环境的缩小、恶化和人为的猎捕是本种致危的主要因素。在50-60年代， 云南中部无量山区尚有较多的豚尾猴生存，其数量不少于500只。由于70年代以来，豚尾猴栖息的主要生境无量山区澜沧江两岸的原始森林被破坏殆尽，据我们1992年在无量山区的考察，豚尾猴仅残存两群，约10余只。现有保护措施 豚尾猴已被列为我国国家级I级重点保护野生动物，在云南的6个自然保护区包括西双版纳自然保护区、纳版河自然保护区、临沧大雪山自然保护区、南滚河自然保护区、景东无量山自然保护区和新平哀牢山自然保护区等都有豚尾猴分布。估计我国70%以上的豚尾猴种群得到了保护。对于云南中部无量山区和哀牢山区，已是本种分布的北缘极限地带，种群数量本来就少，由于栖息生境的被破坏，已使数量降至极度濒危的境地，保护好现有的残存种群和它们的栖息生境不再被破坏至关重要。
006-长舌果蝠,http://localhost:8000/info/static/animals/006-长舌果蝠.txt,《长舌果蝠》,长舌果蝠,哺乳纲,翼手目,狐蝠科,体型较棕果蝠小，前臂长约61~73mm。吻较尖长；耳呈长椎形，无耳屏；舌细长可伸出口外甚远，舌面带有刷状突起，利于收集花粉和花蜜；第二指不具爪，尾长略等于后足长；肛门两侧各具一肾状腺体，翼膜止于趾基；头骨较大，后部明显折转，前颌骨前后几乎等宽，上颌第三臼齿很小，齿34枚；体毛短而紧密，背毛深褐或黑褐色，腹毛灰褐或灰白色。,多栖息于石灰岩山洞中，常数十只集群贴伏在洞顶岩壁上；黄昏出洞觅食，凌晨归洞，主要以花粉和花蜜为食。,前臂长约61~73mm,石灰岩山洞.,云南，广西,,,对果树有一定危害.
007-熊狸,http://localhost:8000/info/static/animals/007-熊狸.txt,《熊狸》,熊狸,哺乳纲,食肉目,灵猫科,我国最大的一种灵猫科动物，形似小熊，体重8-13kg，体长700-800mm。尾长接近等于体长，尾末端具缠绕性，能缠住树枝支撑身体觅食。毛被长而稀疏，粗糙而蓬松。绒毛长而呈波浪状。足垫大，几乎覆盖整个足底。耳背的毛较长，约50mm.，明显超过耳尖形成长而尖的黑色簇毛。耳缘的毛较短，白色。通体黑褐色，毛尖染棕黄或棕灰色。尾色与背色相似。,主要栖于亚洲南部的热带雨林和季雨林，海拔高度一般不超过800m，系典型的热带树栖灵猫类，多在高大浓密的树上活动。夜行性动物，有时亦在上午活动。曾发现它们与灰叶猴和白颊长臂猿一起活动和觅食。熊狸主要采食植物的花果，特别喜食多种榕树的果实。每年2-3月发情交配，孕期2-3个月，一般5月中下旬产仔。一胎2-4仔，以2仔居多。幼体2岁性可成熟。,体长700-800mm,,云南，沧源，西双版纳，广西,尼泊尔，锡金，不丹，印度，缅甸，泰国，老挝，越南，柬埔寨，马来西亚，印度尼西亚，菲律宾,,
008-树鸭,http://localhost:8000/info/static/animals/008-树鸭.txt,《树鸭》,树鸭,哺乳纲,偶蹄目,鸭科,成鸟：额浅棕褐色；头顶、枕部棕褐色，头侧及颈浅棕灰，后颈转为浅棕黄色，背、肩逐渐变为黑褐色，并具棕黄色羽端；腰黑色；尾上覆羽栗色。翅上中小覆羽栗色；大覆羽及飞羽黑色。颏、喉浅棕白；上胸棕黄色，下胸、腹及两叻浅栗色；尾下覆羽棕白色；尾羽暗褐色，具浅棕色窄羽端。 虹膜暗褐；嘴黑；脚灰黑，爪黑色。 幼鸟：腹部棕黄略渲栗色，腰暗棕色，余部与成鸟相似，但羽色较浅淡。 嘴浅黑褐色；脚浅黑灰色。,体形较家鸭略小。颈长似鹅，嘴窄而高，嘴甲钩突显著。背羽主要呈黑褐色；翅上中、小覆羽及尾上覆羽栗色；胸、腹部均浅栗色。两性相似。,,,思茅，耿马，勐腊，盈江，潞西，台湾，广西，广东，海南岛，福建,斯里兰卡，印度，孟加拉国，缅甸，泰国，中南半岛，琉球群岛，印度尼西亚，苏门答腊，爪哇，加里曼丹,,
009-棕尾虹雉,http://localhost:8000/info/static/animals/009-棕尾虹雉.txt,《棕尾虹雉》,棕尾虹雉,鸟纲,鸡形目,雉科,棕尾虹雉（学名：Lophophorus impejanus）为雉科，虹雉属是一种动物。又名九色鸟，是雉科虹雉属的一种。形象非常美丽，尤其是色彩绚丽的雄鸟，体长为70厘米，体重2000克，头顶有一簇特别延长的蓝绿色羽冠，其羽干细而裸出，羽端呈匙状，向前卷曲，如同丝绒一般，甚为奇特，是虹雉中羽冠最漂亮的,棕尾虹雉头顶有一簇特别延长的蓝绿色羽冠，其羽干细而裸出，羽端呈匙状，向前卷曲，如同丝绒一般，甚为奇特，是虹雉中羽冠最漂亮的。全身的羽毛都闪耀着彩虹一样的金属的光泽，头部为绿色；眼周裸出的皮肤呈海蓝色；后颈和颈侧红铜色；背铜绿色，其余上体紫蓝绿色，下背和腰白色；下体黑褐色，具显著的棕白色纹；尾棕红色。 [3] 雌鸟全身的羽色显得淡雅清秀，头和羽冠、上体均为黑色，具皮黄色或白色纹；下背皮黄色，具黑色同心纹；颏、喉及前颈白色，其余下体褐色，杂有黑纹或白色纹；尾羽棕色，具黑色横斑和白色端斑。 [3] 眼睛内的虹膜为褐色；嘴角褐色；腿、脚黄绿至暗绿色。 [3],体长700毫米,棕尾虹雉是典型的高山鸡类，生活在海拔2500-4500米之间，终年被云雾笼罩着的高山针叶林、高山草甸和杜鹃灌丛之中。白天活动，晚上栖于陡峭的岩石上或杜鹃灌丛中,西藏,阿富汗，巴基斯坦，克什米尔，尼泊尔，不丹，印度，缅甸,无危,种群现状：栖息地破坏：主要是不断地扩大耕种面积和牦牛的放牧区，严重损害了棕尾虹雉的栖息地。加之森林过度砍伐等多种因素，使栖息地面积越来越少。作为食物被捕猎：乱捕滥猎、毁巢取卵现象也时有发生。在印度和尼泊尔密度都在每公顷0.15只左右，在巴基斯坦密度更是高达每公顷0.34只。但在中国数量却极为稀少，仅能见到零星个体，估计总数不足1000只。 [3] 该物种分布范围广，不接近物种生存的脆弱濒危临界值标准（分布区域或波动范围小于20000平方公里，栖息地质量，种群规模，分布区域碎片化），种群数量趋势稳定，因此被评价为无生存危机的物种。 [5]
010-白暨豚,http://localhost:8000/info/static/animals/010-白暨豚.txt,《白暨豚》,白暨豚,哺乳纲,齿鲸亚目,白暨豚科,暨豚体形中等粗壮，有狭长而稍微上翘的喙，圆的额隆，低三角形的背鳍位于从吻端向后约2/3体长处，是其最显著的野外识别特征。鳍肢宽而梢端钝圆。与海生的海豚相比眼睛较小，但不像恒河豚的眼那样小。体上面主要呈蓝灰色或灰色，体下面白色。在头和颈的侧面从眼至鳍肢形成灰色和白色间的波状分界。白色部分在鳍肢前向上伸入灰色部分形成2个显著的白色斑。头骨的吻突狭长，在上齿列后端与眶前凹之间略缩窄；吻突侧面有明显侧沟，腹面两上颌骨间有约与上齿列等长的浅沟；上颌骨基部向后方扩展，在头骨后缘与上枕骨相接，侧缘向上翘起形成上颌脊，在眼眶部强烈上曲；鳞骨颧突不达额骨眶上突；上枕骨仅微向后方隆起，故头骨后缘平直；两上颌骨腭部相接；翼骨钩突具深凹腔；鼓围耳骨与颅骨保持松动的直接联系；下颌联合极长，其长接近或达到下颌骨长之半；牙齿略前后扁，曲面向内，齿冠具纵脊形成的网状釉褶。每个齿列有31-36枚圆锥形的齿。椎式：C7，T10-11，L5-8，Cal9-21=41-45。染色体组2n=44，14条常染色体为中着丝粒染色体，16条为亚中着丝粒染色体，4条为亚端着丝粒染色体，8条为端着丝粒染色体。性染色体中X为中着丝粒染色体，Y为端着丝粒染色体。,,雌性成体最大体长253厘米 ，雄性成体229厘米，体型大小的性二型明显,,长江中下游，南京,,极危,
011-恒河鲨,http://localhost:8000/info/static/animals/011-恒河鲨.txt,《恒河鲨》,恒河鲨,软骨鱼纲,真鲨目,真鲨科,体纺锤形。躯干粗壮。头宽扁，头长约为全长的1/4。尾稍侧扁，比头和躯干稍短，尾基上下方各具一凹洼，上凹洼呈纵凹形。吻宽扁钝圆，口前吻长很短，口宽约比口前吻长大2倍余。眼小，圆形，瞬膜发达，距吻端比距第一鳃孔为近。鼻孔斜列，外侧位，距口端比距吻端为近；前鼻瓣具有1个三角形突出，后鼻瓣不分化；鼻间隔宽大，大于口前吻长，为鼻孔长的4倍余。口大，弧形，口宽约为口长的1.8倍，下颌短，口闭时齿暴露。唇褶短小，只见于口隅处。上下颌齿异型，上颌齿宽扁三角形，边缘具细锯齿，齿头稍外斜；下颌齿较狭尖，基底宽大，边缘光滑无锯齿，基底具小齿头；上下颌各具一细小正中齿，齿式 。喷水孔消失。鳃孔5个，狭小，比眼径稍大，中间3个较宽，最后2个距离较近，最后2-3个位于胸鳍基底上方。背鳍2个；第一背鳍起点较前位，与胸鳍基底后1/3相对，上角钝尖，后缘稍凹，下角尖突，未伸达腹鳍起点上方；第二背鳍较大，鳍高为第一背鳍高的1/2，起点稍前于臀鳍起点，上角钝圆，下角尖突。尾鳍宽大，约等于头长的1.1倍。尾椎轴上翘，上叶见于尾端近处，下叶前部显著三角形突出，中部低平后延，中部与后部间有一缺刻，尾部小三角形突出，与上叶连接，尾端尖突。臀鳍比第二背鳍稍小，外角钝尖，后缘深凹入，里角尖突。腹鳍稍大于第二背鳍，近长方形，外角钝圆，里角钝尖，位于两背鳍中间下方。胸鳍宽大，镰形，前后长度为其前缘长的3/5-4/5。起点位于第三、四鳃孔附近，外角尖突，里角钝圆，后缘凹入。体灰褐色，下侧面和腹面白色。各鳍暗褐色，胸鳍和臀鳍边缘浅褐色。,,全长784 mm,,台湾，东海，南海,印度洋，太平洋，西孟加拉，印度，巴基斯坦,,
012-牦牛,http://localhost:8000/info/static/animals/012-牦牛.txt,《牦牛》,牦牛,哺乳纲,偶蹄目,牛科,野牦牛是大型偶蹄类动物。身体强健，肩部显著隆起。耳较小；雌雄均有角，角黑色，雄性角大，角末端距离远。四肢短而强健。躯体上方被毛短而光滑，体侧、腹面、及尾部毛长而下垂，常常接近地面。体长约250厘米，肩高约170厘米。全身毛色以深黑褐色为主。牦牛头大，角粗，皮松厚，髻甲高长宽，前肢短而端正，后肢呈刀状，体侧下部逆生粗长毛，尾短并着生蓬松长毛，公牦牛头粗重，呈长方形，颈短厚且深，睾丸较大，接近腹部，不下垂；母牦牛头长，眼大而圆，额宽，有角，颈长而薄，乳房小，呈碗碟状，乳头短小，乳静脉不明显。头较粗重，额宽平，面稍凹，眼圆存在神，嘴方大，唇薄，绝大多存在角，角形向外折向上、开张，角间距大，母牦牛角很细。公、母均无肉垂。前胸开阔，胸深，肋开张，背腰平直，腹大而不下垂，尻部较窄、倾斜。尾根低，尾短。四肢强健存在力，蹄小而圆，蹄叉紧，蹄质坚实。前胸、臂胸腹体侧着成长毛及地，尾毛丛生帚状。牦牛和普通牛相像，但是有很多独特的特征，高大威猛，算得上是牛中的高富帅。牦牛的形状如水牛，牦牛体长2～3米，尾长37～46厘米，肩高1.3米以上，体重约1000千克；躯体强健，颈短，头大，额长而平，四肢短粗；雌雄均具角；全身褐黑色或棕黑色，天祝白牦牛是牦牛中最特别一种，全身呈白色；牦牛的皮毛粗硬，体侧、胸部、肩部、四肢上部和尾部密生长毛，长一尺左右，尤其体侧的毛被几可及地。牦牛的尾巴很长。,,体长约250厘米,野牦牛栖息于海拔4000～5000米的高原草甸、灌丛、荒漠等地，适应性强，耐风雪严寒，嗅觉较灵敏，多成群活动，喜晨昏觅食。,四川，青海，西藏，新疆，甘肃,蒙古，印度，不丹，锡金，阿富汗，巴基斯坦,易危,1973年在中国甘肃省天祝藏族自治县哈溪镇出土了一件硕大的牦牛青铜器。其身高为0.7米，腹径为0.3米，背高为0.51米，角长为0.4米，体重80千克，是一件保存非常完整的民族文物。这是中国出土的第一件以牦牛为造型的青铜器，该器形体结构严谨、准确，造型古拙、质朴，气势雄浑、凝重，雕塑风格概括、逼真，冶炼技术高超，勘称一绝，是研究藏族历史、文化、宗教的重要实物资料，也是一件不可多得的民族艺术瑰宝。牦牛这一年轻而又古老的动物是藏族先民最早驯化的牲畜之一。它伴随着这个具有悠久历史和灿烂文化的民族生存至今已有几千年的历史。牦牛性情温和、驯顺、善良，具有极强的耐力和吃苦精神，对于世代沿袭着游牧生活的藏民族来说，牦牛具有无可替代的重要地位。在高寒恶劣的气候条件下，无论烈日炎炎的盛夏，还是冰雪袭人的寒冬。牦牛均以其耐寒负重的秉性坚韧不拔地奔波在雪域高原，担负着“雪域之舟”的重任。可以说在藏民族的衣、食、住、行当中处处都离不开牦牛，牛乳、牛肉、牛毛，为在世界屋脊上勇敢而顽强地生存下来、历经艰难困苦的藏民族提供着生活、生产必需的资料来源，成为一代代在青藏高原上繁衍生息、发展成长起来的藏民族生命与力量的源泉，牦牛图腾崇拜。 [9] 牦牛是藏族历史上重要的图腾崇拜物。图腾系印第安语TOTEM音译。其涵意为“他的亲族”。原始社会时期，人类认为其部落、氏族可能与某种动物、植物或其他比较亲近的自然物存在着某种特殊的血缘关系，于是他们便把这种与自已部落及氏族有密切关系的动物或植物尊崇为图腾，把它奉为本氏族的标志。世界上有许多以牛为图腾崇拜物的国家和民族。如古埃及人、波斯人视公牛为人类的祖先。印度人对牛的崇拜更是神圣无比，视牛为天神。 [9] 藏族创世纪神话《万物起源》中说：“牛的头、眼、肠、毛、蹄、心脏等均变成了日月、星辰、江河、湖泊、森林和山川等”。这是藏族先民对其所崇拜的图腾牦牛加以神化或物化之后，驰骋其丰富的自然想象能力而产生的必然结果。如今还在安多藏族地区广为流传的藏族神话故事《斯巴宰牛歌》当中讲到：“斯巴最初形成时，天地混合在一起，分开天地是大鹏”。“斯巴宰小牛时，砍下牛头扔地上，便有了高高的山峰；割下牛尾扔道旁，便有了弯曲的大路；剥下牛皮铺地上，便有了平坦的原野”。又说“斯巴宰小牛时，丢下一块鲜牛肉，公鸡偷去顶头上；丢下一块白牛油，喜鹊偷去贴肚上；丢下一些红牛血，红嘴鸭偷去粘嘴上”。“斯巴”（SRID-PA）含义是“宇宙”、“世界”。由此可见牦牛不单纯是藏民族原始的图腾崇拜物。在藏族几千年的历史长河中，对牦牛的图腾崇拜不断发展和演化形成了一种既古老而又现代的文化形式枣牦牛文化。由此藏族历史上铸造如此硕大的牦牛青铜器自然与其牦牛图腾崇拜有着必然的联系。无论是藏区保留完整的有关牦牛题材的原始岩画，还是殷商时期雕刻在青铜器皿上的牛头纹饰，包括周朝时期绘制于彩陶上的牛形图案，以及迄今犹存的悬挂于藏族门宅屋顶上的牦牛头骨，甚至包括出土的这件举世无双、极为珍贵的牦牛青铜器，它们都可以追溯到远古时期人类的牛图腾崇拜的文化当中。 [9-12]
013-长须鲸,http://localhost:8000/info/static/animals/013-长须鲸.txt,《长须鲸》,长须鲸,哺乳纲,鲸目,须鲸科,体重95吨；身体细长。背部为黑褐色；喷气孔后方至鳍肢基部有一个“V”字形淡色区域，向腹面逐渐过渡为纯白色；下颌左右两侧颜色不对称，左侧为黑色，右侧为白色。喷气孔2个，位于眼前方背中线上；上、下颌及喷水孔周围有感觉毛50~100根；口大，每侧的须板为260~470枚；背鳍、鳍肢均较小。,多单只或2~3只一起活动，夏季洄游到冷水海域索饵，冬季进入温暖海域繁殖，一般不在靠近海岸活动。以鳞虾、糠虾、桡足类等小型甲壳动物为食，也吃鲱鱼、秋刀鱼、带鱼等群游性鱼类和乌贼等。怀孕期11~12个月，幼仔出生时长约6 m，8~10年性成熟。,体长最长可达26 m,南极至北冰洋的世界各大海洋。,黄海，渤海，东海，台湾,,濒危,
014-红颈滨,http://localhost:8000/info/static/animals/014-红颈滨.txt,《红颈滨》,红颈滨,鸟纲,鹤形目,,形态成鸟(繁殖羽)：头、颈、上胸红棕色；眼先有暗纹；头顶、后颈和背部满布栗棕色、黑色和灰褐色斑纹。翼上覆羽灰褐色，具白缘，形成翼上白线条。飞羽黑褐色，初级飞羽的羽干多为白色。腰与尾上覆羽黑褐色，两侧白色；中央尾羽暗褐色，外侧尾羽苍灰色。颏与嘴基周围白色；喉至上胸红棕色；下体余部包括腹、胁、腋、翼下和尾下覆羽白色。雌雄同色。成鸟(非繁殖羽)：通体为简单的灰或白两色，无栗褐色。眉纹白色，穿眼纹灰褐色。上体灰色，有黑色纤细的羽干纹，羽端缘白色。下体白色，胸侧渲染灰色。亚成鸟：同成鸟非繁殖羽。但上体较多的黑色和褐色，缀淡棕色或白色羽缘。眉纹白色。下体白色，胸侧染灰褐色，有时连成胸带。虹膜暗褐色。嘴黑色。腿黑色，趾基间无蹼。,鉴别特征 小型鹬类。繁殖期面部、颈、上胸红棕色。头顶、后颈和背部密布栗棕色、黑色和灰褐色纵纹。颏与嘴基周围白色。下胸至腹、胁、尾下覆羽白色。中央尾羽黑褐色，两侧苍灰色。嘴短而直。趾基间无蹼。,155 mm,红颈滨鹬繁殖地在北方苔原地区。在中国是旅鸟。迁徙季节见于海岸线与潮间带、河口三角洲、水田、盐田、浅水沼泽及内陆的各种湿地。沿海地区可以见到大的混栖群，而在内陆地区则单独活动。通常与体型相当的鹬类混合觅食，以甲壳类、螺丝、昆虫和植物种子为食。营巢于草丛或岩石上，巢内垫柳叶和矮桦叶。6―7月产卵，窝卵数通常是4枚(Flint et al．，1984)。据 McClure(1974)报道，美国军方曾在亚洲环志15 600只红颈滨鹬。但回收率极低(9只)，说明种群数量变化较大，且具有漂泊的特性。另外一个原因是迁飞路线不固定，春季和秋季也不同。在香港米埔，2000年5月3日出现1 100只，最高记录是1998年4月20日的2 134只。而在江苏盐城保护区约有上万只出现(Barter，2002)。据 Carey et al．(2001)，在香港定期回收到许多来自澳大利亚南部维多利亚的脚旗，也有来自日本北海道的个体。同样，在澳大利亚遥远的维多利亚和塔斯马尼亚岛也回收到环自香港的个体。1981年5月15日在上海回收到1只环志于1972年2月16日的红颈滨鹬，此后在福建的福清、天津的塘沽、台湾的大肚溪等都回收到来自澳大利亚的鸟环(张孚允，1997)。已知在一个迁徙季节里的飞行距离超过1万公里。寿命15年(Minton，1999，2001)。,天津，河北，山西，内蒙古，辽宁，吉林，黑龙江，上海，江苏，浙江，安徽，福建，山东，湖北，湖南，广东，广西，四川，云南，陕西，甘肃，青海，新疆，广东，海南，东沙群岛，西沙群岛，南沙群岛，台湾，香港，澳门,俄罗斯，阿拉斯加，韩国，日本，蒙古，哈萨克斯坦，印度，斯里兰卡，缅甸，老挝，泰国，越南，菲律宾，马来半岛，印度尼西亚，所罗门群岛，澳大利亚，新西兰,,
015-土舟蛾,http://localhost:8000/info/static/animals/015-土舟蛾.txt,《土舟蛾》,土舟蛾,昆虫纲,鳞翅目,,下唇须和额暗红褐色。头部、翅基片和胸部背面前半部灰色，胸部背面后半部暗红褐色。腹部背面暗灰褐色。前翅灰稍带红褐色，从前缘近基部到外缘有1条黑褐色纵带，纵带前方较灰白色，纵带后方颜色逐渐变浅到后缘呈灰白色；内、外线不清晰，黑褐色锯齿形，只有后半段隐约可见，外线在前缘还可见到一点；脉端缘毛灰稍带红褐色，其余灰白色。后翅暗灰褐色，缘毛同前翅。    雄性外生殖器：第8腹板梯形，端缘中部“V”形凹，在凹口底部下方有1个牛头状的内突；爪形突基部稍窄，端部宽，末端中部稍内凹；颚形突长过爪形突，末端尖；抱器瓣短宽，端部有1块边缘锯齿状的大骨片；阳茎端基环略呈椭圆形；阳茎细，比抱器背稍长，端部侧面有1块生齿的骨片，末端尖。,,♂体长14～14．5mm，翅展35～42mm。,寄主植物：地锦槭Acer mono、紫花槭A．pseudosieboldianum。,黑龙江，吉林，贵州,日本，朝鲜，俄罗斯,,
016-骨顶鸡,http://localhost:8000/info/static/animals/016-骨顶鸡.txt,《骨顶鸡》,骨顶鸡,鸟纲,鹤形目,秧鸡科,成鸟：头和颈黑色，略有光泽{背至尾及翅上覆羽、三级飞羽石板黑色，向体后渐沾褐色；飞羽黑褐色，第l枚初级飞羽外边缘及翼缘沾白色，其余初级飞羽羽端黑色，次级飞羽末端白色；胸、腹浅石板黑色，羽端缘以棕白色；尾下覆羽黑色；两胁石板灰黑色；腋羽灰褐色。 幼鸟：1984年11月29日采自剑川剑湖。与成鸟相似，但色浅淡，颏、喉杂灰白色。 虹膜浅褐色；嘴和额板象牙白色；跗和趾灰黑色，爪黑褐色。,,,,呼伦贝尔，齐齐哈尔，哈尔滨，河北，河南，甘肃，宁夏，新疆，山东，陕西，内蒙，甘肃，青海，台湾，西藏，海南岛,欧洲到亚洲东南部，非洲北部,,
017-条纹松鼠,http://localhost:8000/info/static/animals/017-条纹松鼠.txt,《条纹松鼠》,条纹松鼠,哺乳纲,啮齿目,松鼠科,条纹松鼠体长177―210毫米；尾长140～177毫米；后足长39―47毫米；耳长18一21.5毫米，头部很尖；体重平均约195克。颅长45.5～49.2毫米；颧宽25～27.3毫米；鼻骨长13～14.9毫米；腭长24.5～27毫米；眶间宽11.9―13毫米；后头宽18.5一20毫米；听泡长8.5―9毫米；上颊齿列长9.4～10.7毫米。它的毛柔软而密厚；体背面一般灰黑色带橙色，具有多条纵纹，体背面中央一条纵纹色淡，其两边各有2条黑纹和2条淡黄白色纵纹；吻部甚尖，头带赤色；尾蓬松，毛色几乎似体背面，或略为浅淡；体腹面白色或淡黄色，至尾部下面逐渐变为赤色。后足足底有6个肉垫。颅骨较为狭长，宽约为长的55%；吻较长。鼻骨长略超过眶间宽，其后端为前颌骨后端所超出；眶后突短小；腭骨后缘中间为尖突；听泡长约为颅长的18.5%。门齿呈深橙色。上门齿窄而相当短，垂直不向后弯曲。成体颊齿齿冠扁平，下颌臼齿无中间大凹陷。下颌骨冠状突不发达。,,体长177―210毫米；尾长140～177毫米,条纹松鼠一般栖息在矮藤、树林和竹林中，经常在地面上活动，并常出现在村庄附近的田园中,云南,缅甸，泰国，印度，马来半岛,无危,
018-红腹角雉,http://localhost:8000/info/static/animals/018-红腹角雉.txt,《红腹角雉》,红腹角雉,鸟纲,鸡形目,雉科,红腹角雉（学名：Tragopan temminckii）属于鸡形目雉科，雄鸟体羽及两翅主要为深栗红色，满布具黑缘的灰色眼状斑，下体灰斑大而色浅。雌鸟上体灰褐色，下体淡黄色，杂以黑、棕、白斑。,它的体形和大小同家鸡差不多，雄鸟体长44-66厘米，体重930-1800克。雄鸟的羽色非常艳丽，在头顶上生长着乌黑发亮的羽冠，羽冠的两侧长着一对钴蓝色的肉质角，精巧而美丽，这就是“角雉”名称的由来。此外，在它的项下还生有一块图案奇特的肉裙，色彩绚丽而富于变幻，两边分别有八个镶着白边的鲜红色斑块，中间在黑色的衬底上散布着许多天蓝色的斑点，有人说这些斑点很象草书的“寿”字，所以又称它为“寿鸡”，视为长寿和好运的象征。雄性红腹角雉雄性红腹角雉 [1]它的脸颊裸出，露出天蓝色的皮肤，周缘围着一圈桔黄色的羽毛。头、颈的后部和上胸为橙红色，尾羽为棕黄色，杂有黑色的虫蠹状斑，并具有黑色的横斑和端斑。其余体羽都是深栗红色，上面布满了圆圆的灰色眼状斑，背部的较小，胸、腹部的比较大，就像是红色的锦缎上洒满了大大小小的珍珠。由于雄鸟美丽的羽色和体态，人们还给它起了许多优美动听的名字，如“秀鸡”、“星绣鸡”、“岩角鸡”、“大红鸡”等等。 与雄鸟相比，雌鸟的羽色就逊色多了，体长44-66厘米，体重830-1300克。上体一般为灰褐色，下体淡皮黄色，均布满了黑色的斑纹和白色的斑点。不过这种天然的保护色，可以使它在孵卵时免遭天敌的袭击。它们的虹膜为褐色；嘴黑色或角褐色；腿、脚粉红色或灰褐色。,体长44-66厘米,红腹角雉栖息于海拔1000-3500m的山地森林、灌丛、竹林等不同植被类型中，其中尤以1500-2500m的常绿阔叶林和针阔叶混交林最为喜欢，有时也上到海拔3500m左右的高山灌丛，甚至裸岩地带活动,西藏，贵州，甘肃，陕西，湖南，湖北，广西，四川,印度，缅甸，越南,无危,种群现状：红腹角雉是一种有很高观赏价值和经济价值的鸟类，早在前世纪就被输入到欧洲。已列入国家重点保护野生动物名录，属国家二级保护动物。四川主要栖息地的调查，繁殖种群数量为4只/kO，冬季种群数量为8只/kO。它们的栖息地和种群正受到林木砍伐、采药、偷猎和拾取鸟蛋等人类干扰和威胁，应加强管理和保护。已列入《世界濒危鸟类名录》N级。 [3]
019-白颊长臂猿,http://localhost:8000/info/static/animals/019-白颊长臂猿.txt,《白颊长臂猿》,白颊长臂猿,哺乳纲,灵长目,长臂猿科,躯体更加纤细而四肢显得更长的一种长臂猿。雄性黑色，唯两颊各具一大型白斑，顶部的簇状冠毛显得更尖长而明显。雌性暗褐色冠斑呈多角形。躯体大部污黄色，胸腹的黑褐色稀少。,主要栖息于热带雨林。栖息的海拔高度通常不超过900m。旱季通常在清晨06:30开始活动，并开始晨鸣。觅食高峰在07:00-08:00；第二个高峰在11:00-12:00；第三个高峰出现在14:00-15:00。觅食、运动、戏耍、休息都是群体活动。觅食时个体间的距离不超过70m。通常一只手抓挂在树枝上，另一只手采摘食物，两手交替进行。多在高大的树冠中上部进行觅食，高度在10-25m左右， 觅食时不鸣叫。以多种热带型野果（浆果、核果、坚果，特别喜食榕树果）、嫩树叶，花苞，树芽等为主要食物，也食昆虫、小鸟和鸟卵。食物种类约85种，其中，植物性食物占食物总数的90.6%。营小群体生活，一般每群3-5只，少数可达7-8只。一般（3-4）月产仔，大约两年产1胎，一胎1仔，怀孕期约7-8个月，幼体7-8年性成熟。,,,西双版纳,越南，老挝,,种群现状 白颊长臂猿是印度支那地区长臂猿中分布最北、分布区最小、数量最少的种。50-60年代，白颊长臂猿在云南南部有较多数量，仅西双版纳勐腊县约有130-150群，530-620余只。80年代初期约有18群，70余只（杨德华等，1987），加上绿春的数量，可能有80-100只（马世来， 1988）。80年代初期勐腊地区的白颊长臂猿数量比60年代初以前减少了86%。而在80年代末期，勐腊的白颊长臂猿数量已不足40只（扈宇等，1989），绿春黄连山的白颊长臂猿可能接近绝灭。 越南北部的数量不及200只（Cao and Pham， 1994），老挝可能不及100只，本种的所有总数估什不足350只，已成为一个高度濒危的物种。致危因素 1、最主要因素是栖息生境的破环、缩小和恶化。长臂猿是典型的树栖动物，它们的生存与热带天然林的存在密切相关。60-80年代中期，西双版纳地区因种植橡胶和其它开垦、毁林开荒以及森火灾等原因，使这一地区低海拔的热带雨林大部被毁，残余的雨林亦变成绿色"孤岛"，使白颊长臂猿的栖息生境大大地缩小和恶化； 2、人口的增加加剧了这一地区森林的破坏； 3、偷猎：60年代， 有的猎人一天可猎捕10余只； 4、种群过小，种群分布的不连续，世代周期长（7-8年）是本种致危的因素之一。饲养情况 不详。现有保护措施 已列为国家 I 级重点保护野生动物。主要种群的分布地已建立了两个自然保护区：西双版纳自然保护区，国家级，1981年建立，面积24.2万公顷；绿春黄连山自然保护区，省级，1983年建立， 面积1.4万公顷。保护区建立后，白颊长臂猿有限的栖息生境基本得到了保护。另外，由于各级保护管理部门的宣传、管理和严格执法，群众保护意识有所提高，已基本制止了在保护区内对白颊长臂猿的偷猎。1989年以来，在中越边境口岸（河口），白颊长臂猿的非法贸易（由越南边民带入）有所发生，贸易量每年约3-5只。保护措施建议 我国是白颊长臂猿的主要分布地之一。目前，我国的白颊长臂猿数量已非常稀少而且被隔离成岛状，加强保护、严格执法、杜绝偷猎、采取一定措施，拯救和恢复种群数量已是当务之急。建议加强上述两个自然保护区的建设和管理，恢复片断森林间的植被，以沟通片断森林的连续性；开展资源调查和生态学研究，在财力、人力和科学技术上给与支持和帮助；采取措施，严格执法，制止偷猎和非法贸易包括边境非法流入。开展国际间的合作，共同进行资源调查、评估和采取保护行动。
020-江豚,http://localhost:8000/info/static/animals/020-江豚.txt,《江豚》,江豚,哺乳纲,鲸目,鼠海豚科,体呈鱼形，但前部较粗。身长1．3米左右，头近似圆形，额部前凸，吻部短宽。不具背鳍。鳍肢镰刀形。全身铅黑色，腹面体色略浅而亮。唇和喉部略显黄灰色，腹部有时具有花斑。,不集合成大群，多单独或少数同游。食物为龙虾及小虾等，也吃小鱼。每次产1仔，多在冬季出生。,身长1．3米左右,一般栖息在较温暖的海洋或靠近海岸，亦能上溯至江河中生活。,湖北，湖南，江苏，山东，福建，台湾，广东,,,江豚是我国最常见的一种小型鲸类。数量不少。
021-长吻沙蚕,http://localhost:8000/info/static/animals/021-长吻沙蚕.txt,《长吻沙蚕》,长吻沙蚕,多毛纲,叶须虫目,,形 态 特 征 体 大 而 粗，最 大 的 标本长达350mm以上，体节数目为200个左右，每一体节具两个环轮。口前叶短呈圆锥形，具10环轮，末端有 4 个短而小的触手。吻部短而粗，上具稀疏的叶状和圆锥状乳突。疣足的两个前唇等长，末端具一特别尖细的部分，此二部分界限显明，这是同中锐吻沙蚕的主要区别。后唇比前唇短，尤以后下唇特别短而钝，末端圆。鳃细长，位于疣足前唇的前壁中部，能伸缩。,,,,各地,日本,,
022-狸偶舟蛾,http://localhost:8000/info/static/animals/022-狸偶舟蛾.txt,《狸偶舟蛾》,狸偶舟蛾,昆虫纲,鳞翅目,舟蛾科,♂体长13～14 mm，翅展35～37 mm。头和颈板黑褐色混有稀疏灰白色。胸部背面暗褐色，腹面灰褐色。足苍褐色具灰白边。腹部背面暗灰褐色。前翅暗灰褐色，有3个淡赭黄色斑：一个从基部沿中室到横脉外一点，较宽，外缘有缺刻，上、下缘具银边，上银边内半段不清晰，外半段延伸到近外缘，下银边从Cu2脉到基部；另一个在Cu2与M3脉间斜伸，内边与中室斑连接；还有一个从M1脉到近翅顶，呈剑形；A脉下的后缘暗赭褐色；端线由1列黑褐色点具模糊银白边组成。后翅暗灰褐色，缘毛色较淡。雄性外生殖器：爪形突短，弯曲，基部较窄，端部稍宽，端缘具缺刻，两侧尖锐；颚形突弯曲，柄宽三角形，端部稍扁平，末端尖；抱器瓣短宽，略呈三角形，(除边缘外)膜质；抱器腹内半部有1条不显著的脊形突；阳茎长于抱器瓣，粗直，基部稍粗，端部一侧有1块扁平的边缘具小齿的三角形突起；阳端基环近方形；囊形突短，三角形。观察标本：云南丽江，1♂，1962．Ⅵ．28。,,体长13～14 mm，翅展35～37 mm,,云南,,,
023-长吻角鲨,http://localhost:8000/info/static/animals/023-长吻角鲨.txt,《长吻角鲨》,长吻角鲨,圆口纲 软骨鱼纲,,,测量标本5尾；全长470-594mm；采自上海鱼市，浙江嵊山、花鸟岛。体细而延长。头平扁而颇长，头宽比头高为大，头长约为全长的1/4。尾细长，比头和躯干稍短，尾基上方具一凹洼，尾柄下侧自第二背鳍基底后端下方起至尾基稍后止有一低弱纵行突起。吻长，背视三角形，两侧向前剧斜，前缘钝尖，侧视尖而突出。眼长椭圆形，前端圆，后端尖而有一缺刻，无瞬膜，距第一鳃孔比距吻端近许多，眼径比鼻孔长约大3倍。鼻孔颇小，几横平，外侧位，侧缘向外突出，距口端比距吻端稍近，鼻间隔颇宽，比鼻孔长约大2.5倍；前鼻瓣中部具1个三角形分枝突出，出水孔暴露，后鼻瓣后部具一很浅的半环形薄膜。口浅弧形，近于横列，口宽约等于口前吻长的2/3，口长约等于口宽的1/4；口侧具一斜行深沟；唇褶扁狭，上唇褶颇长，约等于口宽的1/4，下唇褶较短。齿上下颌都单齿头型，侧扁，近长方形，边缘光滑，齿头外斜很剧，里缘几与颌平行，外缘深凹，2-3行在使用；上颌齿稍狭，每侧每行14齿，下颌每侧每行11齿。喷水孔颇大，肾形，直径约等于眼径的1/3，位于眼后角水平线上，距眼很近。鳃孔5个，颇狭小，下部转入腹面，前4个大小相同，最后1个较大，位于胸鳍基底前方。盾鳞具3棘突3纵嵴。背鳍2个，各具一硬棘。第一背鳍中大，起点约与胸鳍里缘中部相对，距吻端几与距第二背鳍相等，棘长约等于鳍的前缘长的3/5；上角钝圆，后缘凹入，下角延长尖突，未伸达腹鳍起点垂直线上方，有一相当距离。第二背鳍小于第一背鳍，距尾基比距腹鳍为近，棘长约等于鳍的前缘长4/5；上角钝圆，后缘深凹，下角延长尖突。尾鳍短宽，帚形，约为全长的2/11，尾椎轴上翘；上叶很发达，约与下叶等大，下叶前部圆形突出，中后部不区分，无缺刻，与上叶连接，成一广圆形后缘，尾端圆钝。腹鳍低平。约位于背鳍间隔之中部下方，前后缘连续，呈半弧形，里角尖而微突；鳍脚在470 mm长的个体已很粗大而长，基部宽扁，后端狭小钝尖。胸鳍比第一背鳍大，后缘凹入，外角钝圆，里角钝尖微突。背侧面暗褐微带赤色，腹面淡白色。第一和第二背鳍上端，尾鳍下叶中部边缘黑色；胸鳍后缘浅色。,为暖温性和热带海洋常见鲨，在大陆架和岛架近底栖息和大陆坡上部水深180-300 m处栖息。卵胎生，每产4-9仔，绝大多数秋季生殖，妊娠期约2年。食硬骨鱼类，头足类和甲壳类。雌鲨性成熟长约72 cm，雄鲨性成熟长约65-89 cm，刚产仔鲨长约22-26 cm。,全长470-594mm,,黄海，东海，台湾，南海,朝鲜，日本，印度洋，太平洋,,
024-花豹,http://localhost:8000/info/static/animals/024-花豹.txt,《花豹》,花豹,哺乳纲,食肉目,猫科,花豹（学名：Panthera pardus）：是哺乳纲、猫科、豹属的大型肉食性动物，体长100-150厘米，体重50-100千克。体形似虎，但明显较小；躯体均匀，四肢中长，趾行性。视、听、嗅觉均很发达。头小尾长，四肢短健，前足5趾，后足4趾，爪灰白色，能伸缩。毛被黄色，满布黑色环斑；头部的斑点小而密，背部的斑点密而较大，斑点呈圆形或椭圆形的梅花状图案，又颇似古代的铜钱，所以又有“金钱豹”之称。,花豹体长100-150厘米，体重50-100千克。躯体均匀，四肢中长，趾行性。视、听、嗅觉均很发达。犬齿及裂齿极发达；上裂齿具三齿尖，下裂齿具2齿尖；臼齿较退化，齿冠直径小于外侧门齿高度。皮毛柔软，常具显著花纹。前足5趾，后足4趾；爪锋利，可伸缩。尾发达。 [4] 花豹的体形低矮强壮，头部较圆，腿较短，尾巴较长。头体长为91-191厘米（雄豹）、95-123厘米（雌豹）；尾长51-101厘米。由于花豹分布广泛，不同地区的花豹呈现出差异较大的体重特征，以至于人们一度认为有两种动物，大的叫“leopard”，小的叫“panther”。伊朗北部的豹，体重可达到90千克（成年雄豹）；而中东山地的阿拉伯豹则可能只有31千克（成年雄豹），体型差距为3倍。这样的体型差距在猫科动物里很少见，虎和狮子的不同亚种体型差异很少会超过2倍，只有美洲狮有类似的情况。最大的野生豹记录来自于一只雄性远东豹，其体重达到108千克，几乎与一只苏门答腊虎一样大。通常来说，雄豹的体重比雌豹重出约30-50%，最大的雌豹体重也没有超过42千克。 [5] 头小而圆，耳短，耳背黑色，耳尖黄色，基部也是黄色，并具有稀疏的小黑点。虹膜为黄色，在强光照射下瞳孔收缩为圆形，在黑夜则发出闪耀的磷光。犬齿发达，舌头的表面长着许多角质化的倒生小刺。嘴的侧上方各有5排斜形的胡须。额部、眼睛之间和下方以及颊部都布满了黑色的小斑点。身体的毛色鲜艳，体背为杏黄色，颈下、胸、腹和四肢内侧为白色，耳背黑色，有一块显著的白斑，尾尖黑色，全身都布满了黑色的斑点，头部的斑点小而密，背部的斑点密而较大。 [6] 栖息在热带稀树草原地区的花豹，往往有一个更淡红色或黄褐色身体，而沙漠花豹通常是淡淡的奶油色或棕黄色。较冷的区域和高山上的豹通常有灰金色皮毛。花豹有肌肉发达的身体，功能强大的的爪子。其强大的颚，使其能够杀死和肢解猎物，长而敏感的胡须让豹适合夜间狩猎。在眉毛的几个长毛有助于保护眼睛，因为它通过在灌木丛间移动不至于刮伤 。豹也是一个非常灵活的登山者，肩部和前肢大量发达的肌肉，这有助于它爬坡和把猎物拖到树上 。,体长100-150厘米,生活于山地森林、丘陵灌丛、荒漠草原等多种环境，从海拔100米的低地到海拔3000米的高山都有分布。适应力顽强，它的巢穴比较固定，多筑于浓密树丛、灌丛或岩洞中,各地,富汗，安哥拉，亚美尼亚，阿塞拜疆，孟加拉国，贝宁，不丹，博茨瓦纳，布基纳法索，布隆迪，柬埔寨，喀麦隆，中非共和国，乍得，中国，刚果，科特迪瓦，吉布提，埃及，赤道几内亚，厄立特里亚，埃斯瓦蒂尼，埃塞俄比亚，加蓬，加纳，几内亚，几内亚比绍，印度，印度尼西亚，伊朗伊斯兰共和国，伊拉克，肯尼亚，利比里亚，马拉维，马来西亚，马里，莫桑比克，缅甸，纳米比亚，尼泊尔，尼日尔，尼日利亚，阿曼，巴基斯坦，俄罗斯联邦，卢旺达，沙特阿拉伯，塞内加尔，塞拉利昂，索马里，南非，南苏丹，斯里兰卡，苏丹，坦桑尼亚，联合共和国，泰国，土耳其，土库曼斯坦，乌干达，也门，赞比亚和津巴布韦,近危,
025-竹毒蛾,http://localhost:8000/info/static/animals/025-竹毒蛾.txt,《竹毒蛾》,竹毒蛾,昆虫纲,鳞翅目,毒蛾科,形态 触角干黄白色，栉齿棕黄色；下唇须黄白色；头部橙黄色；胸部浅红棕色；腹部和足白色。前翅黄白色，其前半部带浅红棕色，翅顶和中室后缘布黑褐色鳞；中室顶端外下方有两个暗斑；缘毛棕色。后翅污白色。前翅反面白色，前半有一橙黄色条，其外端有一黑色斑，翅顶角黑棕色。后翅反面白色，外缘浅黄色。,,翅展 雄30～40mm。,寄主植物 竹。,广东，广西，海南，四川，云南，台湾，香港,越南，缅甸，印度尼西亚，印度,,
026-貂祝蛾,http://localhost:8000/info/static/animals/026-貂祝蛾.txt,《貂祝蛾》,貂祝蛾,,,,触角浅灰黄色。下唇须浅灰黄色，中节上部褐色。头部浅黄褐色，肩板和胸部浅黄褐色，散生有褐色鳞片。前翅浅黄褐色到黄褐色，边 缘及翅脉下具浓密的浅褐色鳞片；花纹暗褐色；肩斑小，中室斑与褶斑通常由一些暗色 鳞片相连接，中室端斑合并成一条斜纹，前缘的1／3和2／3处各有一块大的三角形斑和 一块较小的斑；外横带很模糊，外缘暗褐色。缘毛黄褐色偏灰白，具一条宽而暗的分界 线。后翅浅灰色，缘毛灰白色。♂外生殖器(图版V-6) 抱器瓣基部宽，但很快就极急收缩，然后又逐渐加宽，呈 靴状，末端较尖；抱器腹和抱器背钩不明显。阳茎端基环方形，两尾角垫状，大而圆，具 毛。基腹弧很窄。阳茎与抱器瓣等长，但很宽，阳茎针4―5枚，长针形，排成一列，但 基部连为一体。,本种阳茎很宽大，具针状的阳茎针。,翅展12―16mm。,,浙江，湖南，台湾,日本,,
027-大凉疣螈,http://localhost:8000/info/static/animals/027-大凉疣螈.txt,《大凉疣螈》,大凉疣螈,两栖纲,有尾目,蝾螈科,大凉疣螈雄性全长18.6~22M，雌性19.4~23M。头部扁平，头长略大于头宽，吻端平切而较高，近于方型。尾基部较宽，后段甚侧扁，尾背鳍褶薄，腹鳍褶厚，尾末端钝尖。体尾褐黑色或黑色，耳后腺部位、指趾、肛裂周缘至尾下缘为橘红色；体腹面颜色较体背面略浅。分布于中国四川大凉山地区，汉源、石棉、冕宁、美姑、昭觉、峨边等地。栖息于海拔1390~2650米的山区，5~6月间雨后在静水幽或有积水凹地或缓流溪沟内。,大凉疣螈雄性全长18.6至22M，雌性19.4至23M。头部扁平，头长略大于头宽，吻端平切而较高，近于方型。尾基部较宽，后段甚侧扁，尾背鳍褶薄，腹鳍褶厚，尾末端钝尖。体尾褐黑色或黑色，体腹面颜色较体背面略浅。 [1]  皮肤粗糙，颈褶明显，散布大小疣粒，腹面密布细横皱纹，体侧没有成行的圆形瘰粒。 [2]  大凉疣螈尾长9―13厘米。沿吻背缘向两侧经上眼睑内侧至颗部耳后腺显著隆起成嵴棱状，耳后腺后端略向中线作弧状弯曲，鼻孔近吻端，唇缘平直，无上唇褶或在口后缘微显。犁骨齿“八”形，前端一般达内鼻孔水平部位。舌椭圆，两侧游离。躯干粗壮，背正中自头后至尾基部嵴显著。四肢长。前肢前伸指端达吻端或略超过，大凉疣螈前后肢贴体相向时，指趾略重叠或相互达对方掌、跖部；指长顺序为2、3、4、1，趾长顺序为3、4、2、5、1，均较粗扁，尾长超过头部和身体的长度，尾肌不发达，极为侧扁，尾背鳍褶在尾基部一开始就很明显，薄而高，尾腹鳍褶低厚。雌性在繁殖季节肛部成丘状隆起，肛裂较短，雄性的不成丘状隆起。皮肤很粗糙；除唇缘、指、趾及尾下缘较光滑以外，其余均满布大小疣粒，头部及背嵴有明显之嵴棱，有的在背嵴上出现分节的凹痕，体侧或有凹痕，但没有明显的分离成行排列的圆形瘰疣；腹面密布细窄横纹，颈褶明显。全身为黑褐色，背面色较深。耳后腺、指、趾、肛裂周缘至尾下缘为桔红色。雄性上臂前缘有小放耳后腺大小的桔红斑；肛缘之桔红纹较窄。,雄性全长18.6至22M，雌性19.4至23M,栖息于海拔1390－3000m植被丰富、环境潮湿的山间凹地，高山溪中或林下阴湿处,四川，甘肃，湖北，西藏,,极危,中国：分布区狭窄，数量有限。 [5]  2007年12月仙游县兰石村村民林志欣、李志怀在九仙溪三级电站附近小溪里发现几条大凉疣螈，捕捉两条。 [3]  李蓓等人于2009年3月到2010年2月的调查，在凉山州分布区的多个县都未发现大凉疣螈个体。全球：种群处于下降将趋势。 [5]
028-白颈鸦,http://localhost:8000/info/static/animals/028-白颈鸦.txt,《白颈鸦》,白颈鸦,鸟纲,雀形目,太平鸟科,形态 (据采自陕西标本)成鸟：后头、翕的上部延伸至上胸白色，这些白羽基部灰色，羽轴亦灰色；其他体羽黑色；喉羽披针状；头和喉闪淡紫蓝光泽；初级飞羽外闪淡绿光泽。虹膜褐色；嘴、跗、趾、爪均黑色。雌雄同色。幼鸟羽色与成鸟相似，但白色部分不著，而显土黄或浅褐色；黑色部分暗纯，且无紫绿色闪光。,鉴别特征 体形比达乌里寒鸦大，除颈背和胸有一白圈外，其余体羽全黑。,492.5mm,生态 录自李桂垣等《四川资源动物志》第3卷鸟纲：分布较广，但数量远不及大嘴乌鸦和秃鼻乌鸦。常见于平原、丘陵和低山，也见于海拔2500m左右的山地。多栖于开阔的农田、河滩和河湾等处，在地上，特别在新耕和施肥地上，缓步觅食。清晨飞到田野觅食，晚上很晚才飞回村旁或林缘的树上过夜。在地上觅食时常一步一步地向前移动，不时扭头向四处张望。性机警，比其他鸦类更难接近，见人走近，离很远就飞走。鸣声较其他鸦类宏亮，常边飞边叫，似“kaar-kaar”声。栖止时，多伸颈鸣叫。杂食性，据12个胃的剖检：大部分是动物性食物，包括鞘翅目金龟(虫甲)、步行（虫甲）、锹形（虫甲）、半翅目红娘华、鳞翅目幼虫以及蜗牛、泥鳅、小鸟等；植物性食物包括玉米、土豆、黄豆、小麦及草子。巢筑在高大树上，产2―6卵，通常3―4枚，卵色淡蓝绿，具橄榄褐色条纹及块斑。,沈阳，河北，山西，陕西，甘肃，四川，云南，福建，广东，海南，台湾,文莱,,
029-雪豹,http://localhost:8000/info/static/animals/029-雪豹.txt,《雪豹》,雪豹,哺乳纲,食肉目,猫科,雪豹，体长110~130厘米；尾长90~100厘米，体重一般30~60公 [2]  斤之间。全身灰白色，布满黑斑。头部黑斑小而密，背部、体侧及四肢外缘形成不规则的黑环，越往体后黑环越大，背部及体侧黑环中有几个小黑点，四肢外缘黑环内灰白色，无黑点，在背部由肩部开始，黑斑形成三条线直至尾根，后部的黑环边宽而大，至尾端最为明显，尾尖黑色。 [5] 眼虹膜呈黄绿色，强光照射下，瞳孔所为圆状。舌面长有许多端部为角质化的倒刺，舌尖和舌缘的刺形成许多肉状小突。前足5趾、后4趾。前足比后足宽大，趾端具角质化硬爪、略弯，尖端锋利。趾间、掌垫与趾间均具有较浓而长的粗毛。腹下有4对乳头。肛门部有一对乳腺孔。颅形稍宽而圆近于形。脑室较大。额骨宽突与眶后颧骨眶均较长且尖锐。鼻骨短宽，其前端尤为宽大。颧弓粗大。上颌骨额突呈三角形，且超过鼻骨的后端。眶间较宽。成兽的人字嵴高耸，尤老体更为显著。异状骨的突起向后伸出，尖而细直。鼓室扁而低，副枕突较长，在下方超出听泡。下颌骨骨体宽厚，下缘平直。 [6] 牙齿：上、下门齿均呈一横列，中央的一对门齿较小，外侧门齿最大。犬齿发达，其内侧刃部锐利。上颌前臼齿左右各3枚第二枚前臼齿形小，仅具一个齿尖。第三枚前臼齿侧扁，呈三角形，在主尖之后有一不甚明显的低尖。上裂齿外侧具4个齿尖。第二尖峰（前尖）最大，高而尖，内缘前端仅具一个低小齿尖（原尖）。臼齿形小似横列。下前臼齿左右仅具2枚，第一、二前臼齿缺如，第三四前臼齿均发达，第三前臼齿侧扁呈山字形，主尖位中央，前后各有一小齿尖。第四下前臼齿主尖高大，位于中央，前有一小齿尖，后有二小齿尖。下臼齿形大。后齿尖峰略高于前尖峰 。 [6] 幼兽通体带有浅玫瑰紫色。身上的黑色环斑轮廓不清、黑灰相杂。,雪豹具有夜行性，昼伏夜出，每日清晨及黄昏为捕食、活动的高峰。其行动敏捷机警，动作灵活，善于跳跃，3~4米的高崖可纵身而下。白天很少出来，有时会躺在高山裸岩上晒太阳。其上下山有一定的路线，喜走山脊和溪谷，经常沿着踩出的小径行走。雪豹一年换一次毛,体长110~130厘米；尾长90~100厘米,雪豹是高原地区的岩栖性的动物。经常在永久冰雪高山裸岩及寒漠带的环境中活动，在祁连山4500米以下至4100米以上的山顶脊部，在珠穆朗玛峰北坡5400米高的雪地上曾见雪豹的足迹。常栖于海拔2500~5000米高山上。夏季可在3000~6000米的高山上见到，冬季多随着食物的迁徙而下降至2000~3500米。有的雪豹在冬季仍生活在5000米的高山上。雪豹并非全部都生活在海拔高的地方或是山上，内蒙古包头以西约10公里的乌拉山（最高仅2185米）一带的雪豹常年是在1000米左右的环境中生活。也有居住在600~1500米高的草原地带。,西藏，四川，新疆，青海，甘肃，宁夏，内蒙,哈萨克斯坦，乌兹别克斯坦，塔吉克斯坦，吉尔吉斯斯坦，蒙古，阿富汗，印度北部，尼泊尔，巴基斯坦，克什米尔,濒危,雪豹处于高原生态食物链的顶端，亦被人们称为“高海拔生态系统健康与否的气压计”。而由于非法捕猎等多种人为因素，雪豹的数量正急剧减少，现已成为濒危物种。在中国，雪豹的数量甚至少于大熊猫。雪豹是亚洲高山高原地区最具代表性的物种，国际上正在实施一个保护雪豹行动计划，期待使雪豹得到很好的保护，进而能够保护整个高山地区的动物区系和生态系统。2018年10月，北京大学、世界自然基金会、山水自然保护中心、卧龙国家级自然保护区管理局、中国科学院西北高原生物研究所等19家保护组织、科研单位及保护机构联合发布的《中国雪豹调查与保护现状2018》报告显示，全球雪豹60%的栖息地位于中国。 [16] 全世界雪豹的分布情况和大概的数量.中国数量第一，约占全世界的40%左右
030-白眶雀鹛,http://localhost:8000/info/static/animals/030-白眶雀鹛.txt,《白眶雀鹛》,白眶雀鹛,鸟纲,雀形目,l科,形态(A．n．nipalensis，依据Baker，1922，275―276)成鸟：眼周有明显白眼圈；头、颈和上背灰褐，有葡萄色渲染；头侧各具一道烟褐色侧冠纹，沿后颈达于背部；耳羽灰色；下背橄榄褐；翅表和尾羽表面黄褐；颏近白；下体浅茶黄；体侧和覆腿羽渲染橄榄色。虹膜浅赭褐至深赭褐；嘴石板色或石板褐，下嘴浅淡(Baker，1922)。嘴灰角色，上嘴基部1／3褐色(Ali et Ripley，1972)；脚浅肉或石板灰白色。亚成体(8月1日采自西藏墨脱)；额、头顶至颈暗灰，眼前方有两道近黑色眉纹，眉纹向后渐变粗，并止于后头；眼周白色，头侧和颈侧灰色较头顶浅；上体茶褐色；翅黑褐，翅表和上体同色，尾茶褐，尾羽外缘以茶黄色，喉和胸污灰，胸部稍染浅茶黄；下体近白，下胸和体侧微染浅茶黄。虹膜褐色；上嘴亦呈褐色，先端浅淡，下嘴浅灰色；脚黄褐。,鉴别特征 眼周白色；头颈暗灰；有暗色眉纹；上体暗茶褐；喉污白；胸染茶黄，下体余部近白。,125mm,生态 迄今获得1只鸟，该鸟是在海拔900米的森林下木和矮树间活动时采获。结群活动，有时与其他小鸟混群。,西藏,尼泊尔，锡金，不丹，印度，孟加拉国，缅甸,,
031-非洲野犬,http://localhost:8000/info/static/animals/031-非洲野犬.txt,《非洲野犬》,非洲野犬,哺乳纲,食肉目,犬科,成年非洲野犬体重为18-34千克，身长85C141厘米，尾长30-45厘米。两性的差别并不大，雄性比雌性约大3-7%。南部非洲的非洲野犬通常要比东部和西部的体型要大。非洲野犬的毛色与其他犬科动物有比较明显的差别，它们的毛色奇特而华丽，和斑马一样，每一只非洲野犬的斑纹都是独一无二的，没有两只的色斑是完全相同的，因此可以很容易地通过色斑进行辨别。在它们的身上有棕色、红、黑、黄色和白色的区域，就像某个画家把颜色随意的涂抹上去似的。它们的毛皮短而稀疏，有的地方甚至是光秃秃的。不过总体说来它们的头部色调都比较深，尾巴上有白色的毛。耳朵又大又圆，平时竖直在头顶非常惹眼。身体苗条，长长的腿部肌肉发达，每只脚有四个脚趾。非洲野犬是唯一前肢没有上爪的犬科动物。 非洲野犬共有42颗牙齿（具体分布为：（i= 3/3；c=1/1；p=4/4；m=2/3x2），前臼齿比相对比其他犬科动物要大，因此可以磨碎大量的骨头，这一点很像鬣狗。,,身长85C141厘米，尾长30-45厘米,主要生活在非洲的干燥草原和半荒漠地带，活跃于草原、稀树草原和开阔的干燥灌木丛，甚至包括撒哈拉沙漠南部一些多山的地带。非洲野犬从来不到密林中活动。,,安哥拉，贝宁，博茨瓦纳，布基纳法索，中非共和国，乍得，埃塞俄比亚，肯尼亚，马拉维，莫桑比克，纳米比亚，尼日尔，塞内加尔，南非，苏丹，坦桑尼亚联合共和国，赞比亚，津巴布韦,濒危,由于非洲野犬的领域面积较大，所以随着栖息地的减少和其他大型食肉动物的竞争，非洲野犬的数量不断下降，已经处于濒危状态。主要分布在非洲的东部和南部部分地区，在非洲的39个国家只有25个种群，约有3，000只左右。在非洲已经建立起一个非洲野犬的保护区，主要位于津巴布韦西部的皇日国家公园。
032-鸳鸯,http://localhost:8000/info/static/animals/032-鸳鸯.txt,《鸳鸯》,鸳鸯,鸟纲,雁形目,鸭科,鸳鸯（学名：Aix galericulata）：鸳指雄鸟，鸯指雌鸟，故鸳鸯属合成词。属雁形目的中型鸭类，大小介于绿头鸭和绿翅鸭之间，体长38-45厘米，体重0.5千克左右。雌雄异色，雄鸟嘴红色，脚橙黄色，羽色鲜艳而华丽，头具艳丽的冠羽，眼后有宽阔的白色眉纹，翅上有一对栗黄色扇状直立羽，像帆一样立于后背，非常奇特和醒目，野外极易辨认。雌鸟嘴黑色，脚橙黄色，头和整个上体灰褐色，眼周白色，其后连一细的白色眉纹，亦极为醒目和独特。,鸳鸯是小型游禽，雄鸟额和头顶中央翠绿色，并具金属光泽；枕部铜赤色，与后颈的暗紫绿色长羽组成羽冠。眉纹白色，宽而且长，并向后延伸构成羽冠的一部分。眼先淡黄色，颊部具棕栗色斑，眼上方和耳羽棕白色，颈侧具长矛形的辉栗色领羽。背、腰暗褐色，并具铜绿色金属光泽；内侧肩羽紫色，外侧数枚纯白色，并具绒黑色边；翅上覆羽与背同色。初级飞羽暗褐色，外具银白色羽缘，内先端具铜绿色光泽；次级飞羽褐色，具白色羽端，内侧数枚外呈金属绿色；三级飞羽黑褐色，外亦呈金属绿色，与内侧次级飞羽外上的绿色共同组成蓝绿色翼镜，最后一枚三级飞羽外为金属绿色，具栗黄色先端，而内则扩大成扇状，直立如帆，栗黄色，边缘前段为棕白色，后段为绒黑色，羽干黄色。尾羽暗褐色而带金属绿色。颏、喉纯栗色。上胸和胸侧暗紫色，下胸至尾下覆羽乳白色，下胸两侧绒黑色，具两条白色斜带，两胁近腰处具黑白相间的横斑，其后两胁为紫赭色，腋羽褐色。 [4] 雌鸟头和后颈灰褐色，无冠羽，眼周白色，其后一条白纹与眼周白圈相连，形成特有的白色眉纹。上体灰褐色，两翅和雄鸟相似，但无金属光泽和帆状直立羽。颏、喉白色。胸、胸侧和两胁暗棕褐色，杂有淡色斑点。腹和尾下覆羽白色。 [4] 虹膜褐色，嘴雄鸟暗角红色，尖端白色。雌鸟褐色至粉红色，嘴基白色，脚橙黄色。 [4],体长38-45厘米,主要栖息于山地森林河流、湖泊、水塘、芦苇沼泽和稻田地中。,东北，内蒙古，广东，台湾，云南，贵州，福建，江西,日本，韩国，朝鲜，俄罗斯联邦，奥地利，比利时，丹麦，法国，德国，荷兰，斯洛文尼亚，瑞士和英国，白俄罗斯，印度，蒙古，缅甸，尼泊尔，西班牙，泰国，越南,无危,种群现状：该物种分布范围广，不接近物种生存的脆弱濒危临界值标准（分布区域或波动范围小于20000平方公里，栖息地质量，种群规模，分布区域碎片化），种群数量趋势稳定，因此被评价为无生存危机的物种。 [7] 鸳鸯也是中国传统出口鸟类之一，在中国曾拥有很大的种群数量，每年都有大量活鸟被捕猎供应国内各动物园和出口。1975年以前无论是春季在长白山还是冬季在南方越冬地，都能经常遇到40-50只的大群，而这种壮观的场面却很难见到了。其原因主要是由于森林砍伐和捕猎，致使种群数量日趋减少。据调查，在中国的繁殖种群数量为1500-2000对。已列入世界濒危鸟类名录。 [4]
033-金猫,http://localhost:8000/info/static/animals/033-金猫.txt,《金猫》,金猫,哺乳纲,食肉目,猫科,中型猫类，貌似豹，体长75-100cm，尾长34-56cm，体重10kg左右。两眼内角各有宽的白色或黄白色条纹，至头顶转为红棕色，棕色纹两侧各有细黑纹伴衬；面颊两侧有白色和深色相间的条纹；四肢上部有斑点；体色多样，至少有三类色型：红色金猫，背毛红棕色，故商品名称"红春豹"；灰色金猫，毛色灰棕者称"芝麻豹"；灰棕色色型背部有斑纹者，俗称"狸豹"。几种色型间还有各种过度类型，此外还有近黑色的黑金猫。据福建27张金猫皮中红春豹占81.5％，狸豹占11.5％，芝麻豹占7.4%；江西1971-1974年的476张金猫皮中，红春豹和芝麻豹合占92.0％，狸豹占6.7％，黑豹仅占1.3％；四川省1973-1980年444张金猫皮中，红春豹占16.0％，芝麻豹占32.7％，狸豹占51.3％。,栖于亚洲热带、亚热带山地各种森林中，从湿润的常绿林到海拔3000m左右的干旱针阔混交林或针叶林都有金猫的活动，也偶见于灌丛和草地。常单独生活，白天栖于树上洞穴内，夜间下地活动。一般活动范围2-4 km2，每夜行程约500-1500m，常在山脊光秃的小山包、岩石或三叉路口处排粪。能捕食黄麂、毛冠鹿、麝等偶蹄类，但主要以各种体型较大的啮齿动物为食，也捕食地面较大的雉科鸟类、野兔等动物。虽无固定的繁殖季节，但多在冬季发情、春季产仔，妊娠期约91天，每胎２或3仔，产于树洞内。,体长75-100cm,,甘肃，河南，安徽，四川，湖北，湖南，江西，浙江，广东，广西，贵州，云南，西藏,尼泊尔，孟加垃，印度，缅甸，柬埔寨，老挝，泰国，越南，马来西亚，印度尼西亚,,
034-黄嘴白鹭,http://localhost:8000/info/static/animals/034-黄嘴白鹭.txt,《黄嘴白鹭》,黄嘴白鹭,鸟纲,鹳形目,鹭科,黄嘴白鹭（学名：Egretta eulophotes），也叫白老、唐白鹭，珍稀水禽，中型涉禽。体长46-65厘米，体重320-650克。雌雄羽色相似，通体白色。嘴、颈、脚均长。夏季嘴橙黄色，眼先蓝色，脚黑色，头顶至枕部有多枚细长白羽组成的丛状羽冠；背部、两户生有蓑状长羽，向后延伸超出尾端，前颈基部的蓑羽垂至下胸。趾有四个，黄色，三前一后；前后趾位于同一平面上，前趾基部有蹼相连。冬季嘴暗褐色，下嘴基部黄色，眼先黄绿色，脚亦黄绿色，背、肩和前颈无蓑状长羽。虹膜黄色，爪黑色。[1],黄嘴白鹭是中型涉禽。体长46-65厘米，体重320-650克。身体纤瘦而修长，嘴、颈、脚均很长。体羽白色，雌雄羽色相似。虹膜淡黄色，腿黑色。幼鸟无细长的饰羽，嘴呈褐色但基部黄色，腿和眼先皮肤呈黄绿色。繁殖季节有细长的饰羽：后头的冠羽长而密，肩羽延伸至尾部但末端平直，下颈饰羽呈长尖形，覆盖胸部；嘴黄色，腿黄色，繁殖脸部裸露皮肤蓝色，虹膜黄褐色，嘴黑色，下基部黄色，脚黄绿至蓝绿色,体长46-65厘米,栖息于海岸峭壁树丛、潮间带、盐田以及内陆的树林、河岸、稻田，以鱼、虾和蛙等为食，有结群营巢、修建旧巢和与池鹭、夜鹭、牛背鹭混群共域繁殖的习性。,河北，山西，内蒙古，辽宁，吉林，上海，江苏，浙江，福建，山东，河南，广东，广西，海南，台湾，香港,俄罗斯，朝鲜，韩国，日本，缅甸，泰国,濒危,致危因素：黄嘴白鹭在全世界迅速减少的原因：一是沿海滩涂养殖业的发展和人类对自然资源的开发和利用，特别是对繁殖地及湿地的过度开垦和越冬地的海岸开发，使黄嘴白鹭的栖息地遭受严重的破坏；二是在黄嘴白鹭的繁殖产卵季节，赶海的渔民及外地游客经常上岛观光和捡拾鸟卵，使黄嘴白鹭无法完成繁殖活动；三是19世纪末，人们采集、买卖黄嘴白鹭的丝状羽毛，大量捕杀造成黄嘴白鹭的数量急剧减少，至今不能恢复元气。
035-巢鼠,http://localhost:8000/info/static/animals/035-巢鼠.txt,《巢鼠》,巢鼠,哺乳纲,啮齿目,鼠科,体形小，体长不超过75mm，尾略长于体长；耳较短，有耳屏。背部黄褐或暗褐色，毛基深灰色；腹面白色，毛基浅灰色；尾背面略深，腹面白色；四足纯白色。,春季筑巢在地面上，夏季筑于作物和高草上，冬季则迁于草堆中。巢为圆形，有两个出口，巢口关闭，外出时才开启，同时亦筑地下巢，构造较复杂，有居室、仓库、便所和育仔洞。食各种作物种子、草籽和植物的绿色部分。多在夜晚活动；夏、秋季繁殖，年产2~4胎，每胎5~8仔。,,栖息于农田、灌丛和草地。,安徽，贵州，广东，广西，河北，内蒙古，吉林，辽宁，浙江，福建，甘肃，西藏，四川，黑龙江，云南，台湾，江苏，湖北，新疆，陕西,,濒危,
036-黑兀鹫,http://localhost:8000/info/static/animals/036-黑兀鹫.txt,《黑兀鹫》,黑兀鹫,鸟纲,隼形目,鹰科,黑兀鹫（学名：Sarcogyps calvus）为隼形目鹰科兀鹫属的鸟类。属大型猛禽。该物种体长80-83厘米，翼展200厘米，体重3700-5400克。头、颈及腿红色和白色翎颌为识别特征。亚成鸟褐色浓重，裸露部分粉红而非红色。飞行时尾短，呈楔形，体侧白，次级飞羽基部具灰白色线条。幼鸟尾下覆羽偏白，并可外露下背的近白色部分。滑翔时两翼平端，翼尖略向下；高空翱翔时两翼仅稍微上扬。 叫声粗哑呱呱叫声发展成尖声乱叫。交配时啸鸣。[1],黑兀鹫是大型猛禽，身体各部分的颜色与秃鹫有很大差异，虹膜为黄色或红褐色，嘴嘴粗大而强壮，呈暗褐色，下嘴基部黄色，蜡膜为橘红色，鼻孔呈椭圆形。腿后边裸露的皮肤为暗橙红色，脚为暗红色或肉色体形比较粗壮，头部和颈部裸露无羽，露出橘红色的皮肤，颈部的两侧各有一个从头后面的耳部下方悬垂下来的巨大肉垂，颜色也是橘红色。耳部有一圈黑色的刚毛，颊部、眼先和头顶的两边也有少许黑色的刚毛。颈部下方的撮羽和覆腿羽为白色，其余羽毛均为黑褐色，上体还具有金属的光泽。飞翔的时候黑色的翼下有一条白色的横带，前胸和后胁的白斑和通体的一片黑色形成鲜明对照，反差极为强烈，即使在高空飞翔的时候也清晰可辩。,体长800-830毫米,黑兀鹫栖息于开阔的低山丘陵、农田耕地和小块丛林地带，有时也进到茂密的森林地区。高空翱翔于高至海拔1500米的开阔多沼泽平原,西藏，香港，海南,印度，孟加拉，不丹，锡金，尼泊尔，巴基斯担，斯里兰卡，马尔代夫，缅甸，越南，老挝，柬埔寨，泰国,极危,种群现状：历史报告表明，该物种曾经分布广泛并且种群丰富，但经历了近十年的大规模数量和范围的下降。最新信息显示，在印度的物种在1999年后经历了快速下降（每年41%），20世纪90年代初和2003年间下降了91%。在印度次大陆的跌幅和死亡率是因为农药的使用导致，非甾体类抗炎药（NSAID）双氯芬酸，用于治疗家畜而被鸟类广泛摄入。来自柬埔寨的数量普查结果显示，人口有自2004年以来至少至2007年一直保持稳定。鉴于其在东南亚的稀有性，该地区不可能超过几百只。由于其在印度的分布的区域，总体数量似乎不太可能超过万只成熟个体，显然是灾难性的跌势致使该物种处于极危状态。 [3]
037-马麝,http://localhost:8000/info/static/animals/037-马麝.txt,《马麝》,马麝,哺乳纲,偶蹄目,麝科,马麝是麝类中体形最大的一种，体重15kg左右，体长80-90cm。雌、雄均无角。后腿比前腿长约1/3，故臀高大于肩高。脚具4趾，侧趾很发达，在硬地上走时触地。头形狭长，吻尖，无眶下腺和跗腺，耳狭长。雄体具发达的月牙状上犬齿，向下伸出唇外；腹部具特殊的麝香腺囊；尾短而粗，裸露，其上腺体发达，仅尖端有束毛。雌体腹部无麝香，有一对乳头；上犬齿小，未露出唇外；尾纤细；无腺体。 [3] 马麝背部沙黄褐色或灰褐色，后部棕褐色较强。颜面灰棕色，鼻端无毛，黑色，耳尖稍暗，耳背即周缘黄棕色。颈被有较宽的暗褐色斑块，其上有4-6个排成两行的棕色斑。背毛粗而脆，呈波浪式弯曲，基部浅灰色，向上渐转淡褐，仅尖端外有橘黄色环，尖端褐色。腹、腋下毛细长耳柔韧。 [3],,体长80-90cm,马麝栖息在海拔2500-5000m的针叶林和高山灌丛里，灌丛下草本植物层以珠芽蓼、苔草为优势。[3],青海，甘肃，西藏，四川,不丹，印度，尼泊尔,濒危,种群现状：种群分布不零散，数量呈下降趋势。 [2] 中国药材公司1981年在青海调查时有18万只。郑生武1973在青海黄南藏族自治州调查，估计该州灌丛地区马麝的数量约为15000只（0.4-7.4只/km2），1982年下降为8800只。1993-1994年甘肃兴隆山调查，由于保护区对马麝资源保护的重视，那里数量保持4000-5000只（23-51只/km2）。截止到2012年，中国约有28000只马麝。 [7-8]
038-裸眉鸫,http://localhost:8000/info/static/animals/038-裸眉鸫.txt,《裸眉鸫》,裸眉鸫,鸟纲,雀形目,裸眉鸫科,裸眉鸫科（学名：Philepittidae）是雀形目的短尾鸟，体长15公分，仅2属4种。喙甚长而下弯或短宽，眼周有鲜艳的裸皮；翅中等，圆形；尾短；腿较短而健，足趾大并有长爪。雌雄异色。多以昆虫为食，具长嘴者会像太阳鸟一样取食花粉及花蜜。包括弯嘴裸眉鸫属（拟太阳鸟属）和裸眉鸫属。筑悬垂的巢，在侧面入口的上方有一小巢顶。栖居于马达加斯加森林中。,雀形目的一个科，由4种小型鸟类组成，分布局限于马达加斯加森林地带。体长9～16.5公分，眼周都有赤裸的皮肤或垂肉。有两属∶裸眉鸫属（Philepitta，2种）和拟太阳鸟属（Neodrepanis，2种）。裸眉鸫属体丰满，腿粗壮，紫黑裸眉鸫的雄鸟初换羽时羽尖黄色，但经磨损后全身只剩下黑色；此时眼上方长出一绿色肉垂。施氏裸眉鸫换羽后除头顶黑色外，呈黄色；肉垂扩展在眼的周围。在叶簇中寻食果实。拟太阳鸟属体较小，腿软弱，喙长而下曲，可伸入花中以吸食花蜜和小昆虫。,体长9～16.5公分,,,印度洋,易危,
039-赤红山椒鸟,http://localhost:8000/info/static/animals/039-赤红山椒鸟.txt,《赤红山椒鸟》,赤红山椒鸟,鸟纲,雀形目,阔嘴鸟科,雄性成鸟：整个头部、颈、背以及肩羽辉蓝黑色；腰、尾上覆羽、胸部以次猩红，或多或少渲染以橙色；肛周白；翅黑色，除第一至第二枚初级飞羽和最内侧飞羽外，其余飞羽基部和大覆羽先端猩红，有的标本第二至第五枚初级飞羽先端外缘以粉白色；内侧第二枚飞羽向外数枚先端具椭圆形红斑或红缘；中央尾羽黑色，先端大都具或窄或宽的红缘；其尾羽红色，具黑色羽基；翼缘和翼下覆羽桔红色。雌性成鸟：前头和短眉纹深黄；头顶前部转淡而沾灰．头顶后部、背、肩羽以及小覆羽污褐灰而微沾橄榄绿；腰、尾上覆羽橄榄黄；翅与雄鸟同，但黄色代替红色；中央尾羽黑色，次一对亦黑，内端部和外先端大部为黄色；其它尾羽基部黑色，先端黄；眼先灰黑，眼后稍淡；眼上、下睑鲜黄；头、颈两侧以及整个下体铬黄，胸部浓著；体侧渲染绿色；翼缘和翼一下覆羽鲜黄。雄性幼鸟（1959年5月17日采自云南勐腊）：与雌鸟酷似，唯额基、眉纹缀橙红；喉和胸微染橙色。雌性幼鸟（1964年8月1日及9月2日采自云南景东）：额深黄色，头顶前部转浅，至背部呈暗褐灰，头顶至背部各羽概具浅端和暗色次端斑，头顶尚染以绿色；腰和尾上覆羽黄色浓暗，并具横斑；余与雌性成鸟同。虹膜棕色、棕红、暗棕或褐色；嘴和脚黑色。,属在中国体形最大的一种，羽色与 P. ethologus略似，唯雄鸟有5―6枚内侧飞羽先端具椭圆形红斑，有别于后者雄鸟仅于内侧飞羽第三至第四枚具红色羽缘连于翼斑，雌鸟内侧飞羽外先端具黄斑或黄缘，而 P. ethologus 内侧飞羽黑色而无斑。雄鸟整个头部至背部亮黑；腰、尾上覆羽和下体猩红；两翅黑色；具宽阔猩红色翼斑；内侧数枚飞羽先端有椭圆形红斑；中央尾羽黑色，外侧尾羽大都红色，基部黑色。雌鸟前头、颊、耳羽及整个下体均黄；头顶至背褐灰色；腰、尾上覆羽橄榄黄；翅与雄鸟同，黄色代替红色；尾黑，中央次一对尾羽先端和外41T黄色，其余尾羽具黄色先端。,205.4mm,生态 栖于海拔约2，100米以下的山地和平原的雨林、季雨林、次生阔叶林，也见于松林、稀树草地或开垦的耕地。结群活动，繁殖季节大都成对。在云南，多次观察得雄鸟在4月间仍单独活动，5月间亦有成群活动的现象。性活泼，喜结集于乔木冠部觅食，少见停息。曾见与灰喉山椒鸟和粉红山椒鸟混群活动，或与其它鸟混群。鸣声尖细而单调，如“spee-spee”，多在飞行时且飞且鸣，停息时甚少鸣唱。当由一树转移他树时，常由一鸟领先，余鸟一一相继飞去。主食昆虫。根据1月（5只）、2月（7只）、3月（3只）、4月（15只）、5月（7只）、6月（15只）、7月（4只）、8月（1只）和9月（4只）采自云南的61只鸟胃分析结果，所食以昆虫占主要成份。计有鞘翅目昆虫（20次）、鳞翅目幼虫（16次）、蜻蜓目昆虫和直翅目蝗虫、螽a、蚱蜢等（各4次）等，还有瓢虫、双翅目蝇类和同翅目蝉类等（各2次）、萤火虫、蜂类及其幼虫（各1次），其它昆虫残体（11次），蜘蛛（1次）；植物性物质有果实（3次）、种子（2次）、草莓（1次）和叶片（1次）。采自贵州（3月）的鸟胃内含物有甲虫、蝗虫及其它昆虫，尚有少量植物种子（胡鸿兴等，1978）。郑作新等（1963，1973）剖验4月和5月采自云南的7只鸟胃，内含物纯为昆虫，有鳞翅目昆虫及其幼虫、蝉类、铜绿金龟甲、蝽象和其它昆虫；分析64只（2―4月）采自海南岛的鸟胃，内含物中昆虫占90%以上。1960年3月7日在云南勐海观察得雌、雄两性已有追逐行为，雄鸟睾丸已膨大。1962年4月26日获自云南芒市（海拔970米）的1只雄鸟，睾丸颇发育，达15×10毫米。1956年4月至5月间在云南东南部采得数只雌鸟和雄鸟均具孵斑。1957年5月5日采自云南思茅的1只尚被有黄色体羽的雄鸟，睾丸甚膨大，可见未换成鸟体羽的雄鸟有参加繁殖的可能性。7月获自广西西南部崇左的标本，体羽正进行脱换，内侧初级飞羽和次级飞羽已换新羽。 9月中旬采自云南景东的1只雄鸟，第四枚飞羽羽芽方露，第五枚羽根被鞘；尾羽除左侧3枚及右侧2枚已脱换外，余正进行脱换，羽根均被鞘。1只雌鸟飞羽已完全换成新羽；尾羽在换羽中，羽根均被鞘。1979年1月6日采自云南盈江的1只雄性幼鸟，前头、两翅和尾羽的黄色概染橙红；腰和尾上覆羽亦微沾橙色。1979年1月10日采自盈江和1960年2月14日采自云南孟连以及1959年5月10日采自云南勐腊的雄性幼鸟，前额渲染或深或浅的橙红色或红色；头顶前部转橄榄黄；腰和尾上覆羽染有橙色；外侧尾羽先端转橙色；喉和胸微缀橙色；余与雌鸟同。1960年1月21日采自云南景洪、1959年3月17日采自云南勐腊、1975年4月13日采自云南金平、1977年7月26日采自广西崇左的雄性幼鸟，与雌鸟相似。采自广西的标本腰和尾上覆羽沾橙红，尾上覆羽后部灰黑染黄，羽端白而具黑色次端斑；外侧尾羽先端橙红；金平标本与广西标本相似，唯内侧1枚飞羽翼斑和椭圆斑橙红。1959年3月19日采自云南勐腊的雄性幼鸟与雌鸟近似，唯左侧中央次一枚尾羽已换新羽，羽端橙红色，根部被鞘。1958年4月30日和1959年6月4日采自云南勐腊的雄性幼鸟，前者前头缀黄，或多或少杂以橙红色，腰羽橄榄黄，尾上覆羽后部红色，左翅第一枚次级飞羽翼斑橙红；睑、喉侧、下胸和胸侧杂以橙红色，余与雌鸟同；后者下背和腰杂有鲜红色羽片，尾上覆羽染以橙色，最外侧1枚尾羽及第四枚尾羽先端橙红，外侧尾羽深黄，翼斑渲染橙色，下体普遍沾橙红。1959年5月11日采自云南勐腊的1只雄性幼鸟前头橙红，腰和尾上覆羽橄榄绿，数枚羽片缀暗红色，内侧飞羽翼斑和椭圆斑已示猩红色，尾羽先端猩红，喉侧和下体普遍染以橙色，尾下覆羽黄色。1960年5月22日采自云南盈江的1只雄性幼鸟以及1959年12月17日获自云南勐腊的雄性幼鸟，前额和眉纹红色与黄色相杂。盈江标本腰和尾上覆羽散有鲜红色羽片，内侧飞羽翼斑以及外侧尾羽先端橙色；头侧、喉部均微缀橙色，腹部若干枚羽片橙红色。勐腊标本背羽和肩羽杂有淡黄色纵纹，腰和尾上覆羽具暗色横斑，部分染有橙红色，两翅褐黑而缀黄，内侧飞羽翼斑橙色，腹纯黄，余与盈江标本同。1964年7月29日采自云南景东的雄性幼鸟，自额至颈以及头侧辉蓝黑，额和颊杂以红色和黄色羽片，头顶残留有暗灰色，背羽暗褐灰，混有辉蓝黑色羽片；腰和尾上覆羽鲜红，尚见橄榄黄旧羽；大覆羽先端、内侧飞羽和最内侧飞羽翼斑以及椭圆斑猩红色；最外侧尾羽具橙红色羽端；喉辉蓝黑，留有黄色旧羽；下体浅黄，有新脱换的猩红色羽片，翼缘和翼下覆羽散有猩红色新羽。1964年8月22日采自临沧的1只雄性幼鸟，整个头部至背辉蓝黑，喉部残留若干枚黄羽；除内侧5枚飞羽外，余均换成红色的新羽；同时，除外侧3对尾羽未换外，其余尾羽正脱换新羽；下体大都红色，并混杂有淡黄色旧羽。,西藏，云南，福建，湖南，广西，海南,印度，印度尼西亚，菲律宾,,经济意义赤红山椒鸟为山椒鸟属在中国分布最广、数量最多的留居种类。据食性分析结果，此鸟食物以昆虫为主，虽摄食有瓢虫、蜻蜓、蝉等益虫，但所占比例极小，而以甲虫、鳞翅目幼虫等害虫为多数，当为保护的农林益鸟。
040-柯氏鼠兔,http://localhost:8000/info/static/animals/040-柯氏鼠兔.txt,《柯氏鼠兔》,柯氏鼠兔,哺乳纲,兔形目,鼠兔科,柯氏鼠兔又称突颅鼠兔，是以第一发现人沙俄军官柯兹洛夫的名字命名的。它是非兔非鼠的另一类动物，属鼠兔科，主要食野草。从现有资料表明，它的分布范围在世界上极为有限，在中国主要分布在东昆仑山一带。柯氏鼠兔是现有二十余种鼠兔中最古老的遗留种。,体型系本属之大型种之一，体长200mm左右，体重150～180g。唇周围非黑褐色。眼睛较大。耳壳短而圆，其长不逾30mm，耳背面黄白色或淡黄色。前肢短，后肢较长，无尾。躯体上面毛色呈淡黑色或浅黄褐色，下面灰白色或浅黄白色。分布为我国青藏高原特有种。记载于西藏北部、新疆东南和青海西北交界的地区，约在昆仑山脉东段北坡。1984年在昆仑山的阿其克库勒河北岸的丁字口（88° 11′E；37°09′）获得7只标本（4雄，3雌）（郑昌琳，1986；1989）。,体长200mm左右,,新疆,,,
041-侧颈龟,http://localhost:8000/info/static/animals/041-侧颈龟.txt,《侧颈龟》,侧颈龟,爬行纲,龟鳖目,侧颈龟科,侧颈龟，学名：Pelomedusidae sp，不像其他多数龟类那样能将头和颈都缩进壳内，而是头部缩入甲中时，颈部向一侧弯曲，因而得名（髭龟科的蛇颈龟亦有此种习惯）。此属仅有一种。体呈灰色，体长达30厘米。[1],该类品种的龟不像其他多数龟类那样能将头和颈都缩进壳内，而是头部缩入甲中时，颈部向一侧弯曲，因而得名（髭龟科的蛇颈龟亦有此种习惯）。此属仅有一种。体呈灰色，体长达30厘米。 [3] 侧颈龟与另一属的东非侧颈龟（Pelusioscastaneus)在外型或习性上都十分类似，有时候容易混淆。基本上沼泽侧颈龟的体型都比东非侧颈龟小。而东非侧颈龟属有十五个种类，都可以长到30-50公分大。龟鳖目中的一个亚目，由原始两栖龟进化而来。甲壳构造常完全，颈项可侧面弯曲绍回壳中。雌雄辨别容易，雄性体型较小，尾巴粗大，雌龟体型大，尾巴较细小。,30-50公分,最广的泽龟类。属于小型的半水栖性龟类。通常生活在积水的水塘中。在干季时会钻入底泥中夏眠以渡过干旱。所以它们对于环境和食物的变化耐受力很高，群居性强，是十分强健好养的水龟。不过多数进口的都是野生个体，比较常见脱水或龟甲损伤的情形[4]。饲养方式都类似。,,非洲，中南美洲，澳洲,,产于加纳的侧颈龟种群被《濒危野生动植物物种国际贸易公约》列入附录I，对捕捉及其产品贸易严加控制。北美地区虽然龟类众多，却没有侧颈龟分布，反而是中南美洲和澳洲比较多[3]。现生种类只分布于非洲、南美洲和大洋洲。侧颈龟，有马达加斯加大头侧颈龟盔侧颈龟亚马孙大头侧颈龟等好多品种。
042-条纹原海豚,http://localhost:8000/info/static/animals/042-条纹原海豚.txt,《条纹原海豚》,条纹原海豚,兽纲,鲸目 食肉目,海豹总科,形态 雄性平均最大体长2．4 m，雌性2．2 m。体稍粗，喙中等长。背鳍镰刀形。体具蓝色和白色的色斑，自眼至肛门和眼至鳍肢各有1条暗蓝色至蓝黑色的条纹。在眼至肛门条纹前端常分出一条副条纹，向腹面延伸。背侧的披肩蓝色或蓝灰色，有1条白色至浅灰色的脊斑从胁部插入披肩伸展到背鳍下方。体侧面浅灰色，腹面白色至粉红色。鳍肢和背鳍为深灰色到黑色。头骨的吻突背腹扁，腭沟很浅，眶前突相对较长，颞窝小。下颌联合短。每个齿列有39～55枚小而尖的齿。椎式：C7，T13～16，L17～25，Ca31～37=7l～80．,"鉴别特征 喙中等长。体稍粗，具蓝色和白色的色斑，背侧的披肩蓝色或蓝灰色，有1条白色至浅灰色的脊斑从胁部插入披肩伸展到背鳍下方。背鳍镰刀形。生活在西太平洋、东北太平洋和热带太平洋，多数在北纬43°以下的
海域。也分布在大西洋、地中海和印度洋。各海域的群体大小不同，从10～30头至数百头，但很少超过500头。在西太平洋的群体可区分为幼体群、成体群和混合群。条纹原海豚能做多种空中行为，如跃水、撞水等。有一种它们特有的行为，称为“转尾”，高高跃起，在入水前快速转动尾叶。雌性在5～13龄达性成熟，雄性在7～15龄。妊娠期12～13个月，出生时平均体长93～100 cm。最大年龄57．5年。
它们的食物主要是大洋性和底栖大洋性鱼类和乌贼类，在日本和南非海域的以灯笼鱼科 Myctophidae 鱼类为主，在东北大西洋的主要食鳕鱼，在地中海的食乌贼类较多。它们能潜至200～700 m的深海觅食。
外寄生物和偏利共生物包括端足类的合鲸虱 Syncyamus，藤壶类的条茗荷 Conchoderma virgata、指球泊来藤壶 Xenobalanus globicipitis 及茗荷 Lepas。内寄生物包括绦虫类的海豚叶槽绦虫 Phyllobothrium delphini 和 Monorygma 等，吸虫类的领航鲸鼻居
吸虫 Nasitrema globicephalae 和海豚曲弓吸虫 Campula delphini 等，线虫类的简单异尖线虫Anisakis simplex、海豚吸尾线虫Halocercus delphini 等，棘头虫类的脉管球茎体棘头虫 Bolbosoma vasculosum。
西北太平洋种群遭受日本驱赶渔业和梭镖渔业的大量捕杀，20世纪40～50年代的年捕获量约8000～9000头。其他地区也有直接或间接捕捉的渔业。在《2000 IUCN 受胁动物红色名录》中，热带点斑原海豚被列为低危(LR)等级。",雄性平均最大体长2．4 m，雌性2．2 m,,福建，台湾，南海，香港,太平洋，大西洋，地中海，印度洋,,
043-达尔文狐,http://localhost:8000/info/static/animals/043-达尔文狐.txt,《达尔文狐》,达尔文狐,哺乳纲,食肉目,犬科,达尔文狐（学名：Lycalopex fulvipes）：体长48-60厘米，平均肩高25厘米，尾长17-26厘米，体重1.9-3.9千克。是一种体形非常小的狐狸。毛色暗灰色，腿部和面部有红色。腹部、喉头、胸口和耳内有白色或奶油色毛。耳壳红毛特别鲜艳。生活在智利南部沿海温带森林里。喜欢次生森林，以适应温带雨林植物的典型区域。在奇洛埃岛，森林是巴尔迪维亚式的。它包含针叶树种，少数常绿树种和带状果树林。杂食性的，主要食用小哺乳动物、鸟、爬行动物、两栖动物、甲虫、其他无脊椎动物和果实，也吃腐肉。,,体长48-60厘米，平均肩高25厘米，尾长17-26厘米,喜欢生活在次生森林，以适应温带雨林植物的典型区域。在奇洛埃岛，森林是巴尔迪维亚式的。它包含针叶树种，少数常绿树种和带状果树林。该岛的北部和东部地区居住着人类，农业也对这一地理景观产生了一些影响。在岛的西海岸，达尔文狐充分利用由沙丘而导致的支离破碎的常绿森林栖息地。大陆种群发现在茂密的南洋杉和五种山毛榉树组成的森林中。,,智利,濒危,自1929年以来受智利法律保护。达尔文的狐狸在智利被列为濒危物种。自2012年以来，环境部正在制定该物种的恢复，养护和管理计划，但该计划尚未生效。达尔文狐生活在以下公共保护区：纳韦尔布塔国家公园、阿莱尔塞科斯特罗国家公园和奇洛埃岛国家公园。此外，该物种还在以下私人保护区中发现：Caramávida Reserve，Oncol Park和Valdivian Coastal Reserve以及Tantauco，Ahuenco和Tepuhueico Parks。其中一些保护区通过针对该物种进行监测，支持或研究来试图解决被家犬追杀达尔文狐的问题。达尔文狐是巴尔迪维亚海岸保护区的保护目标之一。根据Simonetti和Mella（1997）的标准以及Jiménez（2007）报道的密度，有可能假定约550平方公里的优质面积能够维持500只左右（2015） 。 奇洛埃岛的Tantauco公园和整个Valdivian Coastal Reserve和Alerce Costero国家公园所保护的地区是唯一符合这一标准的保护区，但这并不能保证有如此多的狐狸生存，因为它们出现在巴尔迪维亚的种群中数量更为稀少，而Ahuenco狐狸的密度可能远远高于其他地区（Jiménez2007）。当达尔文狐在冬季离开公园去非保护的私人区域寻觅较温和的气候时，它们面对人类的威胁。人们认为这些狐狸侵犯他们的家禽的生命而要把它们药死，或用陷阱捕捉并杀死。岛上山林的破坏也是关系到达尔文狐自然保留地的一个主要问题。野犬对狐狸的生存是最大的威胁，家犬也是一样。纳韦尔布塔国家公园残存的达尔文狐受到家犬带来的各种疾病的严重威胁。公园管理条例规定携带家犬进入国家公园，犬须系皮带，可是这些规定不被人遵守，家犬在公园里自由追逐狐狸。奇洛埃岛上虽然有数目可观的狐群，但对温带森林的采伐和偷猎也威胁着它们的生存。偷猎的主要原因是将小狐抓来作为宠物出售。 [4]
044-短趾雕,http://localhost:8000/info/static/animals/044-短趾雕.txt,《短趾雕》,短趾雕,鸟纲,隼形目,鹰科,短趾雕（学名：Circaetus gallicus）：体长62-70厘米，体重1.2 - 2.3千克。它们的颔、颈和胸部上方呈浅棕色。头部浑圆像猫头鹰般，眼睛呈鲜黄色。身体沉重，上体灰褐，下体白而具深色纵纹，喉及胸单一褐色，腹部具不明显的横斑，尾具不明显的宽阔横斑。虹膜黄色；嘴黑色；蜡膜灰色；脚偏绿。,短趾雕是大型猛禽，体长为62-70厘米，嘴峰4.0-4.3厘米，翼展17-20厘米，尾25.2-28.8厘米；雄鸟体重1.2-2千克，雌鸟体重1.3-2.3千克。是一种与白腹海雕、白腹隼雕、鹗等相似，但喉部、胸部沙褐色，具锈色纵纹，腹部具沙褐色横斑；尾羽较长的食蛇雕。该物种可以与同属相似的西非短趾雕和黑胸短趾雕区分开来，在地面可从它们白色的翅膀内侧及灰棕色的下身辨认出它们。 [4] 上体沙褐色或灰褐色，头较圆，眼较大，头顶后颈和上背具较长的披针形羽毛和黑褐色羽轴纹，眼先、额、颊、眉纹和眼下白色。最长的肩羽暗褐色，尾灰褐色，具白色尖端和3道黑色横斑，其中亚端黑色横斑最宽。内侧次覆羽淡灰褐色，内基部白色，外侧次覆羽暗褐色；初级飞羽黑褐色，内基部白色，次级飞羽内羽缘白色，具不清晰的黑色横斑。颏、喉和上胸土褐色，具黑色羽轴纹的白色羽基，其余下体白色，具淡褐色横斑，有时腹中部无横斑或横斑不明显。雄雕和雌雕外观相似，但雌雕更重，尾巴稍长。 [2] 幼鸟与成鸟大体相似，但上体较淡，头和颈呈白色，具具淡灰色和暗色轴羽纹。下体白色，缀有皮黄色；颏、喉和胸具褐色羽轴纹、两胁和腹具黄褐色斑点。虹膜黄色或亮橙黄色，嘴淡蓝灰色，尖端较暗，蜡膜白色或淡浅灰色，脚和趾灰色。,体长为62-70厘米,短趾雕栖息于低山丘陵和山脚平原地带有稀疏树木的开阔地区。,北京，河北，辽宁，四川，陕西，甘肃，新疆，西藏,阿富汗，阿尔巴尼亚，阿尔及利亚，安道尔，亚美尼亚，阿塞拜疆，巴林，孟加拉国，白俄罗斯，贝宁，波斯尼亚和黑塞哥维那，保加利亚，布基纳法索，喀麦隆，中非共和国，乍得，中国，刚果民主共和国，科特迪瓦，克罗地亚，捷克共和国，吉布提，埃及，爱沙尼亚，埃塞俄比亚，法国，冈比亚，格鲁吉亚，加纳，直布罗陀，希腊，几内亚，几内亚比绍，匈牙利，印度，印度尼西亚，伊朗伊斯兰共和国，伊拉克，以色列，意大利，约旦，哈萨克斯坦，肯尼亚，科威特，吉尔吉斯斯坦，拉脱维亚，黎巴嫩，利比里亚，利比亚，立陶宛，马其顿共和国，马里，毛里塔尼亚，摩尔多瓦，黑山，摩洛哥，缅甸，尼泊尔，尼日尔，尼日利亚，阿曼，巴基斯坦，巴勒斯坦，波兰，葡萄牙，卡塔尔，罗马尼亚，俄罗斯联邦，沙特阿拉伯，塞内加尔，塞尔维亚，新加坡，斯洛伐克，斯洛文尼亚，索马里，南苏丹，西班牙，苏丹，瑞士，阿拉伯叙利亚共和国，塔吉克斯坦，坦桑尼亚联合共和国，泰国，东帝汶，多哥，突尼斯，土耳其，土库曼斯坦，乌干达，乌克兰，阿拉伯联合酋长国，乌兹别克斯坦，越南，撒哈拉沙漠西部，也门，赞比亚,无危,种群现状：由于栖息地的丧失和迫害，该物种在北欧从19世纪至20世纪遭受显著下降（Snow and Perrins 1998，Ferguson-Lees and Christie 2001）。在欧洲，农业开垦和土地利用的变化降低了短趾雕适宜狩猎的栖息地的范围。此外，增加植物栽培和树篱破坏，农药使用和遗弃传统农田以及随后的造林，蛇种数量减少。欧洲的森林火灾和道路建设造成的栖息地碎片化。在马耳他仍然遭受枪击（del Hoyo et al 1994）。 巢穴破坏和电力线造成的威胁（Tucker和Heath 1994）。该物种也非常容易受潜在风能开发的影响（Strix 2012）。 在西非范围内，该物种易受通过木材采伐和过度放牧以及接触杀虫剂而导致的栖息地退化（Thiollay 2007年）。
045-史氏鲟,http://localhost:8000/info/static/animals/045-史氏鲟.txt,《史氏鲟》,史氏鲟,硬骨鱼纲,鲟形目,鲟科,背鳍38―53；臀鳍20一22；胸鳍40；腹鳍27。体长570―2000毫米。头平扁。吻突出。眼小。口横裂。须2对。吻腹面有突起7个。左右外鳃孔在峡部不会合。鳃耙36―45。体被5行骨质鳞：背行骨质鳞11―17，体侧骨质鳞32―47，腹部骨质鳞7一10。尾鳍歪形。身体背部灰黄色，腹部白色,生活于河流的中下层，在河道的深水处越冬。产卵于水深2―3米的砂砾底处。 性成熟年龄为9一10龄(体重约6公斤)。产卵期5―9月。怀卵量30000―430000粒。卵径2．5―3毫米。食物为摇蚊幼虫、毛翅目昆虫、底栖动物或小鱼,体长570―2000毫米,,黑龙江，松花江，嫩江，乌苏里江，兴凯湖,前苏联,濒危,为名贵鱼类。体长达3000毫米，体重约80公斤。鲜销或熏制。
046-白额山鹧鸪,http://localhost:8000/info/static/animals/046-白额山鹧鸪.txt,《白额山鹧鸪》,白额山鹧鸪,鸟纲,鸡形目,雉科,鉴别特征 额白；头顶栗色；眉纹白色具黑斑；颏、上喉锈红色；下喉及胸具宽阔的黑、白、深栗色形成特别显著的“三色半月形项颈”。形态 雄性成鸟：额和头的前侧白色，向后扩展成一条白色而具黑点的眉纹，延伸至后颈；头顶、颈和后颈栗褐色，后颈具黑斑，其下部近乎黑色；各羽两具鲜黄和白色斑：头侧锈红色，而具黑斑；耳羽暗栗褐色；自背至尾橄榄褐，腰和尾上覆羽，各羽近末端处有一个椭圆形黑斑，外侧尾羽的内亦杂以大、小黑斑；内侧肩羽与背同色；外侧肩羽和三级飞羽栗色，具大形橄榄灰和黑色斑；翅上覆羽褐色，羽缘淡栗色，羽端橄榄灰色；飞羽暗褐，次级飞羽外缘以淡栗而近于黄色。颏、喉淡锈红色，下喉具宽阔的黑色横带，下为白色及深栗色横带，形成特别显著的三色半月形项领；胸及两胁铁灰色，两胁羽缘具栗斑；腹灰白；尾下覆羽黑色，羽端白色或白而沾棕。虹膜暗褐色；嘴黑色；眼周皮肤红色；脚鲜红，爪红褐色。雌性成鸟：体色与雄鸟相似。但后颈基部近乎橙栗色；整个尾部橄榄褐，而很不明显地杂以波状纹；尾下覆羽栗与白色，仅羽基稍为黑色(据拉图史，1931一l934)。,生态 栖息于海拔700―900米的树木繁茂的山地。白天，几乎无声地蹲伏，或在有稠密下林的林间地上寻觅种子、浆果、昆虫等为食。行动隐蔽，不易被发现。黄昏时，它们从不同地方发出一种音调急速增高且连续7―8次的吵噪的啸声，彼此呼应，很快地它们就来到夜宿的栖息处。繁殖时期4―5月。卵常产于灌木或大树下落叶层的低洼处。卵的形状与本属其他种类一样，是梨形，呈白色或淡褐色。每窝产卵一般5―7枚，有时更多。,223―245mm,栖息于海拔700―900米的树木繁茂的山地。,福建，广东，广西,,,经济意义本种山鹧鸪分布较广，数量较其他山鹧鸪为多。其肉嫩，味美。有一定产业意义。若能进行驯化饲养，可供食用，并可展出，供观赏用。
047-白腰雪雀,http://localhost:8000/info/static/animals/047-白腰雪雀.txt,《白腰雪雀》,白腰雪雀,鸟纲,雀形目,文鸟科,形态成鸟：眼先黑褐，并具暗褐色的贯眼纹；额、眉纹白色；头顶、枕部及耳羽灰褐，颈及颈侧色较淡；肩和背暗褐色，各羽的外及羽端白褐色，形成白褐色纵纹；腰部羽端白色，基部黑灰色；尾上覆羽基部白色，羽端土褐色；中央尾羽暗褐色、其余尾羽黑褐色，羽端白色、且白斑向外侧扩大；翼上初级覆羽黑褐，羽端白色，大、中覆羽与背同色；初级飞羽黑褐色，第一枚的外除端部外为白色，内中部边缘白色，第2、3、4枚飞羽外缀以褐白色羽缘，内中部边缘具白斑，其余飞羽中部具白斑；次级飞羽亦黑褐色，外边缘淡褐，内基部及羽端白色；下体白色，胸部沾褐灰色。幼鸟：上体较灰，白色纵纹不明显，下嘴色较淡，下体较灰。虹膜茶黑色；嘴暗褐色；脚黑色。,鉴别特征体型较褐翅雪雀为大。上体淡灰褐色，翕到肩具暗褐色斑纹；腰部白色宽大；除中央一对尾羽黑褐色外，其余尾羽具白端；眼先淡黑色；下体白色。,163mm,栖息在海拔3000―4500m的高山、草原及荒漠地带，多成对或结小群活动。耐高寒，冬季多成小群在雪地上活动。,青海，四川，西藏,,,
048-华南虎,http://localhost:8000/info/static/animals/048-华南虎.txt,《华南虎》,华南虎,哺乳纲,食肉目,猫科,华南虎头圆，耳短，四肢粗大有力，尾较长，胸腹部杂有较多的乳白色，全身橙黄色并布满黑色横纹。毛皮上有既短又窄的条纹，条纹的间距较孟加拉虎、西伯利亚虎的大，体侧还常出现菱形纹，在亚种老虎中体型较小。华南虎以草食性动物野猪、鹿、狍等为食，是中国的十大濒危动物之一、国家一级保护动物，红色物种名录极度濒危。,,雄虎从头至尾身长约2.5米，雌虎从头至尾身长约2.3米，尾长80-100厘米,华南虎是典型的山地林栖动物，生活在中国南方的热带雨林、常绿阔叶林，也常出没于山脊、矮林灌丛和岩石较多或砾石塘等山地落叶阔叶林和针阔叶混交林。,湖南，贵州，江西，福建，广东，广西，浙江，湖北，四川，重庆，河南，陕西，山西，甘肃,,濒危,华南虎曾几乎遍布中国各个林地，数量也最多。其分布远除华南以外，还包括华东、华中、西南的广阔地区，甚至陕南、陇东、豫西和晋南等个别地区亦曾发现过。如今，野生华南虎存在的可能性已经微乎其微，很多专家都认为，华南虎已于野外灭绝。
049-白尾海雕,http://localhost:8000/info/static/animals/049-白尾海雕.txt,《白尾海雕》,白尾海雕,鸟纲,隼形目,鹰科,白尾海雕（学名：Haliaeetus albicilla）：是鸟纲、鹰科、海雕属的大型猛禽，体长84-91厘米。成鸟多为暗褐色；后颈和胸部羽毛为披针形，较长；头、颈羽色较淡，沙褐色或淡黄褐色；嘴、脚黄色，尾羽呈楔形，为纯白色。,白尾海雕的头、颈淡黄褐色或沙褐色，具暗褐色羽轴纹，前额基部尤浅；肩部羽色亦稍浅淡，多为土褐色，并杂有暗色斑点；后颈羽毛较长，为披针形；背以下上体暗褐色，腰及尾上覆羽暗棕褐色，具暗褐色羽轴纹和斑纹，尾上覆羽杂有白斑，尾较短，呈楔状，纯白色，翅上覆羽褐色，呈淡黄褐色羽缘，飞羽黑褐色。下体颏、喉淡黄褐色，胸部羽毛呈披针形，淡褐色，具暗褐色羽轴纹和淡色羽缘；其余下体褐色，尾下覆羽淡棕色，具褐色斑；翅下覆羽与腋羽暗褐色。幼鸟嘴黑色，尾和体羽褐色。不同年龄的亚成体，羽色在深浅上和斑纹的多少上亦有所不同，特别在下体。第一年幼鸟羽基多为皮黄色，以后逐渐变淡，尾由略杂有白色到完全白色，嘴为黄色，体羽接近成鸟羽色需要在5龄以后，而头要达到典型成鸟的淡黄褐色或沙褐色、蜡膜为黄色则需要8-10年。虹膜黄色，幼鸟为褐色，嘴和蜡膜为黄色，幼鸟为黑褐色到褐色，脚和趾黄色，爪黑色。 [4] 上喙边端具弧形垂突，适于撕裂猎物吞食；基部具蜡膜或须状羽；翅强健，翅宽圆而钝，扇翅及翱翔飞行，扇翅节奏较隼科慢；跗跖部相对较长，约等于胫部长度。雌鸟显著大于雄鸟。具食肉性或食腐性。 [5] 大小量度：体重♂2800-3780克，♀3750-4600克；体长♂840-850毫米，♀860-910毫米；嘴峰♂45-55毫米，♀48-58毫米；翅♂580-589毫米，♀605-690毫米；尾♂320-338毫米，♀ 325-353毫米；跗♂90-94毫米，♀99-106毫米。（注：♂雄性；♀雌性） [4],体长84-91厘米,,北京，河北，山西，内蒙古，辽宁，吉林，黑龙江，上海，江苏，浙江，安徽，江西，山东，湖北，广东，四川，西藏，甘肃，青海，宁夏，新疆,阿富汗，阿尔巴尼亚，亚美尼亚，奥地利，阿塞拜疆，白俄罗斯，波斯尼亚和黑塞哥维那，保加利亚，中国，克罗地亚，捷克共和国，丹麦，爱沙尼亚，芬兰，法国，格鲁吉亚，德国，希腊，格陵兰，匈牙利，冰岛，印度，伊朗伊斯兰共和国，伊拉克，以色列，日本，哈萨克斯坦，韩国，朝鲜，吉尔吉斯斯坦，拉脱维亚，立陶宛，马其顿，摩尔多瓦，蒙古，黑山，尼泊尔，荷兰，挪威，巴基斯坦，波兰，罗马尼亚，俄罗斯联邦，塞尔维亚，斯洛伐克，斯洛文尼亚，瑞典，瑞士，阿拉伯叙利亚共和国，土耳其，土库曼斯坦，乌克兰，乌兹别克斯坦,无危,种群现状：由于环境污染、生境丧失和乱捕滥猎等人类压力的增加，种群数量在它分布的大多数地区均已明显减少。从20世纪50年代开始，又进一步受到环境毒素滴滴涕的影响。在1972年禁止使用滴滴涕之前，农民们把这种剧毒的杀虫剂，大量地喷洒到农田里。青蛙和小鸟食用了中毒的昆虫之后，自己又成为白尾海雕的猎物。因为白尾海雕是这一食物链的最后一环，所以，这种毒药在它体内富集得尤其厉害。沉积在脂肪中的滴滴涕，会影响到钙质的新陈代谢，使得鸟蛋的壳变得非常薄，孵蛋时在母鸟的重压下，往往会破碎。 [6] 由于该物种分布范围广，不接近物种生存的脆弱濒危临界值标准（分布区域或波动范围小于20000平方公里，栖息地质量，种群规模，分布区域碎片化），种群数量趋势稳定，因此被评价为无生存危机的物种。
050-长臂蟹,http://localhost:8000/info/static/animals/050-长臂蟹.txt,《长臂蟹》,长臂蟹,软甲纲,十足目,弓蟹科,形态描述 雄性头胸甲呈长卵圆形，雌者较圆，背面凸，有稀少颗粒，但无中央颗粒隆脊。肝区斜面可辨。下肝区突出，背面可见。额分两叶。头胸甲后缘两侧各具一三角形突起，肠区突出一长刺，位于中央，末端向上弯。螯足长度约为头胸甲的2．6倍，有稀疏颗粒。长节圆柱形，长为宽的8．3倍，雌性为6．6倍，掌节基半部宽于末半部，指节短于掌节，两指内缘有锯状齿。步足长度由前向后逐渐减短，各节表面光滑，末对步足掌节宽而扁，各对步足指节均具两排毛。雄性腹部长三角形，光滑而有光泽，表面有些小麻点，前两节短，愈合节末端具一不明显的小齿，尾节呈舌形，长、宽相等，边缘有短毛。雌性腹部为卵圆形，前3节短，有细颗粒，愈合节十分光滑，只有基部有些颗粒，尾节粗短，长、宽相等，边缘有短毛。雄性第1腹肢长而细，茎直，角质内片的末端呈钩状。,,,栖息于水深6m的海底。,海南,,,比较 本种与双锥长臂蟹Myra biconica十分相似，但有下列的不同。特 征 双锥长臂蟹Myra biconica 长臂蟹Myra longimerus1．雄性螯足的长节长度 较短，约为宽的4．5倍 较长，约为宽的8．3倍2．步足 具颗粒 无颗粒3．雄性第1腹肢末部 直，窄舌状或指状 弯，钩状
051-穿山甲属,http://localhost:8000/info/static/animals/051-穿山甲属.txt,《穿山甲属》,穿山甲属,哺乳纲,鳞甲目,穿山甲科,穿山甲属包括分布在亚洲的四个物种。形态狭长，全身有鳞甲，四肢粗短，尾扁平而长，背面略隆起。不同个体体重和身长差异极大。头呈圆锥状，眼小，吻尖。舌长，无齿。耳不发达。足具5趾，并有强爪；前足爪长，尤以中间第3爪特长，后足爪较短小。穿山甲的外壳是由被称作角蛋白的有机骨骼结构组成，它大约占穿山甲总体重的20%。全身鳞甲如瓦状。自额顶部至背、四肢外侧、尾背腹面都有。鳞甲从背脊中央向两侧排列，呈纵列状。鳞片呈黑褐色。鳞有三种形状：背鳞成阔的菱形，鳞基有纵纹，边缘光滑。纵纹条数不一，随鳞片大小而定。腹侧、前肢近腹部内侧和后肢鳞片成盾状，中央有龙骨状突起，鳞基也有纵纹。尾侧鳞成折合状。鳞片之间杂有硬毛。两颊、眼、耳以及颈腹部、四肢外侧、尾基都生有长的白色和棕黄色稀疏的硬毛。绒毛极少。成体两相邻鳞片基部毛相合，似成束状。雌体有乳头1对。 [4] 穿山甲是特化物种、视觉基本退化、尤以嗅觉灵敏。 穿山甲的肝脏不大，肝解毒功能弱，免疫系统弱，属于单室胃，胃中披着角质膜，胃腺部的黏膜处密布许多呈"S"型的皱襞，借吞食时吞进胃中的小砂石将食物磨碎。穿山甲肠管表面平滑，小肠长。 [5],,,山麓地带的草丛中或较潮湿的丘陵杂灌丛，挖洞居住，多筑洞于泥土地带。[4],,印度，尼泊尔，巴基斯坦，斯里兰卡，不丹，中国，老挝，缅甸，尼泊尔，泰国，越南，文莱，柬埔寨，印尼，马来西亚，新加坡，菲律宾,濒危,
052-黑果鸽,http://localhost:8000/info/static/animals/052-黑果鸽.txt,《黑果鸽》,黑果鸽,鸟纲,鸽形目,鸠鸽科,体大(43厘米)的近黑色林鸽。颈侧有绿色金属闪辉，体羽余部闪紫辉。上下体羽均炭灰色。,虹膜－深褐；嘴－深蓝；脚－红色。,43厘米,栖于小岛的亚热带阔叶林。结群活动。,台湾，山东,,濒危,
053-红瘰疣螈,http://localhost:8000/info/static/animals/053-红瘰疣螈.txt,《红瘰疣螈》,红瘰疣螈,两栖纲,有尾目,蝾螈科,红瘰疣螈，为蝾螈科两栖动物。雄螈全长136毫米～150毫米，雌螈147毫米～170毫米。头部平扁，两侧脊棱显著隆起，无唇褶，体两侧各有1排球形瘰粒14～16粒。彼此分界明显。指4，趾5。尾较弱而侧扁，鳍褶较低。背面棕黑色；头部、四肢、尾部以及背脊棱和瘰疣部位均为棕红色或棕黄色。捕食蚯蚓、蜈蚣、步行虫、蜗牛等。 在云南西部分布较广，数量也较多，但因其去内脏的干制品而被捕捉；又以其色斑艳丽，活体也被出售供饲养观赏，数量急剧减少。加以人口增长，开发山区，栖息环境日益缩小，也影响其数量，需加以保护。,红瘰疣螈全长125-200毫米，尾长约占头体长的76%（雌）85%（雄）。犁骨齿列呈尖端向前的倒"V"字形。皮肤粗糙，密布瘰粒。头背两侧有显著的骨质嵴棱。体色以棕黑色为主，前后肢贴体相向彼此超越4个瘰疣距离。红瘰疣螈体色虽与细痣棘螈相似，但红瘰疣螈头背嵴棱与背侧两列瘰疣均极发达，瘰疣下方无肋骨尖端支持，产卵于水中；细痣棘螈的头背嵴棱与背侧两列瘰疣均较不发达，瘰疣下方有肋骨尖端支持，产卵于陆地。头体长91.5-122.0毫米，尾长91.5-114.3毫米。头两侧脊棱明显，后端向内弯曲，形成近似于三角形，头中部脊棱较低，从头前部向后延伸，但不到达侧脊棱后方，头侧脊棱后端与耳后腺前端相连接，耳后腺略向内弯，而且有点类似人耳的轮廓；吻圆，鼻孔靠近吻端，呈半环状，被一片小皮肤瓣盖住，鼻孔间距适度；眼大小适中；上眼睑大，具颗粒；上、下颌具齿，犁骨齿列呈“∧”形。皮肤粗糙，体侧钮扣状圆形瘰粒15枚左右；第一枚瘰粒位于腋部后上方或其后一短距离，其高低位置与耳后腺在同一水平上，当后肢伸展与体呈直角时，在后肢后方有3个瘰粒。背中央纵行腺质脊棱始于头侧左右脊棱末端的卷钩（耳后腺）水平连线上，终止于尾基部。腹侧有一列疣粒，其大小略大于身体其他部位的疣粒，从前肢腋部到胯部，组成纵行，但不明显。一列小疣从口角后方沿着头侧脊棱到吻端。颈褶不明显，咽喉部有大小几乎一致的光滑疣粒。体侧、体背面和尾部均有不同大小、分布不均匀的疣粒。腹部呈横缝纹状，具很小的疣粒，略突出于皮肤之上。背鳍褶明显，起于体侧最后的一个纽扣状瘰粒处。前肢向前伸贴头侧时，指末端超过吻端；后肢前伸贴体时，趾端达腋部至胯部之间的1/2部位。整个身体为一致的棕黑色，仅吻、上下唇、咽喉部和四肢腹面色较浅，呈橄榄褐色。尾两侧为浅褐色，尾下面为暗橘褐色。[2],,红瘰疣螈生活在海拔1000米～2400米林木繁茂、杂草丛生及其水稻田附近的山区。成螈营陆栖生活。非繁殖期多栖息在林间草丛下或阴湿环境中，觅食昆虫及其他小动物,西藏，云南，广西,越南，泰国，缅甸，印度，不丹，尼泊尔,极危,种群动态：中国：张玉霞1985-1986年， 在广西桂林独秀峰下南边及独秀峰北边的孔明台处， 采到6条成体标本。1998 年5 月元江县2次考察共采获红瘰疣螈标本7条。2009年中国重点陆生野生动物资源调查结果显示，云南有68，000条，西藏有5，000条。
054-豚鹿,http://localhost:8000/info/static/animals/054-豚鹿.txt,《豚鹿》,豚鹿,哺乳纲,偶蹄目,鹿科,中等大小的鹿，体重约30-50kg，体长100-140cm，四肢粗短，肩高约60-70cm。雄性具细小长形的三叉角。体背、体侧淡褐或暗黄褐色，成体体背两侧常有纵行排列的黄白色斑点，体下侧的斑点分布不太规则。四肢外侧亦有4-5列较模糊的斑点。额、喉灰白色、尾背暗褐，尾下灰白。我国的豚鹿（A. p. annamiticus)体形较大，夏毛体斑不太明显。,生境与习性 豚鹿是典型的东南亚热带喜水性鹿类，主要栖于海拔500-800m的江河两岸及其附近长有蒿草(芦苇)的沼泽湿地。很少进入离河岸较远的山地森林活动。白天常隐于湿地内高草丛或芦苇丛中，以芦苇的茎叶以及水草为主食，尤喜食马鹿草，常到烧荒后再生的嫩苇草处觅食。偶尔到农田附近吃瓜、菜、大豆等作物。豚鹿性喜独居，但在发情季节和采食场常集成临时的小群，每群数只到10余只不等。交配期约在每年的11-12月。孕期220-230天。产仔期约在次年的8-10月，1年1胎，每胎1-2仔。半月龄的幼仔就可离开母兽活动和觅食。豚鹿的听觉和嗅觉非常灵敏。昼伏夜出。运动快捷，既善于穿越草灌丛，也能跳越障碍。,体长100-140cm,,云南,巴基斯坦，印度，尼泊尔，不丹，缅甸，泰国，老挝，越南，柬埔寨,,种群现状 50-60年代豚鹿在云南西南部(耿马、西盟)被发现(收购到角和皮)。 在耿马地区，估计有10余只（彭鸿授等，1962)。3年后，杨德华等(1965)调查，仅发现4只。80年代末期再作调查时，耿马地区已经绝迹。西盟边境地区是否还有残存尚不清楚。据群众反映，南丁河上游的镇康、云县和临沧可能有分布，但未经证实。致危因素 主要是栖息生境被完全破坏。70年代中后期，孟定南丁河地区开办农场，彻底毁坏了豚鹿的栖息生境，豚鹿失去了最基本的生存条件，另外，猎捕也是造成豚鹿在野外绝迹的因素。饲养情况 国内一些大的动物园如北京动物园和上海动物园等都有饲养，在饲养条件下能繁殖，都养有一个繁殖群（约10余只）。现有保护措施 豚鹿已被列为我国国家 I 级重点保护野生动物。但因此种在我国的分布已属其分布区的边缘，数量稀少，尤应加强宣传教育和严格禁猎。保护措施建议 对有可能生存残余种群的南丁河上游地区和西盟进行调查，查实豚鹿是否在野外还有残存；必要时可考虑从动物园或国外引进种源，在云南西南部适宜生境进行野外放养，恢复野外种群，但此举必须经过严格的科学论证和周密的计划。
055-裸腹盲,http://localhost:8000/info/static/animals/055-裸腹盲.txt,《裸腹盲》,裸腹盲,硬骨鱼纲,鲤形目,鲤科,体延长，前躯略平扁，体高略小于体宽，胸腹部平坦，背鳍以后逐渐侧扁。头中等大，头高小于头宽。吻圆钝，稍前突，端部光滑。吻皮下包，使上唇仅露边缘。口亚下位，呈弧形。下颌联合处有一小突起，上颌无相应的缺刻。须2对，约等长。前鼻孔具短管，前后鼻孔之间的鼻瓣高出管壁。眼仅留痕迹，眼窝凹陷，内被脂肪组织充塞或仅留针尖小孔，孔底黑色，为眼球所在，已无视觉功能。鳃盖膜在鼻孔后缘的下方与峡部相连。鳞中等大，较薄。前背及胸腹部裸露无鳞。侧线孔自鳃孔上角徐缓下弯后平直延伸至尾鳍基中央。背鳍外缘近平截，末根不分枝鳍条不成硬刺，末端分节；背鳍不及头长，大于胸鳍长；起点距吻端小于距尾鳍基。胸鳍和腹鳍平展，与胸腹部在同一平面上。胸鳍末端不达腹鳍起点，相距约5枚鳞片。腹鳍起点在背鳍起点之后下方，距胸鳍起点等于距臀鳍基后端，末端达臀鳍起点。臀鳍紧接肛门之后，外缘平截，起点距腹鳍起点较尾鳍基近。尾鳍叉形，末端略钝。鳃耙三角形。下咽齿顶端尖，咀嚼面倾斜。鳔2室，后室几伸达腹鳍起点。生活时身体半透明，内脏可见，脊椎及鳃裂呈现红色。福尔马林浸泡后全身变成乳白色。,,,,云南,,濒危,
056-雪兔,http://localhost:8000/info/static/animals/056-雪兔.txt,《雪兔》,雪兔,哺乳纲,兔形目,兔科,雪兔（拉丁学名：lepus timidus），是寒带、亚寒带代表动物之一，是一类个体较大的野兔，体长一般在510毫米左右。耳朵短，尾巴亦短，是中国九种野兔（其余八种为东北兔、东北黑兔、华南兔、草兔、高原兔、塔里木兔、云南兔和海南兔）中尾巴最短的。雪兔为了适应冬季严寒的雪地生活环境，冬天毛色变白，直到毛的根部；耳尖和眼圈黑褐色；前后脚掌淡黄色；夏天毛色变深，多呈赤褐色，是中国唯一冬毛变白的野兔。,雪兔躯体略大于草兔。体长46-65cm，尾长4.3-8cm，体重为2-6kg。耳朵较家兔为短，这是因为在寒冷的地带不仅不需要布满毛细血管的大耳朵来散热，而且要常常将耳朵紧紧地贴在背上，以保存热量。它的眼睛很大，置于头的两侧，为其提供了大范围的视野，可以同时前视、后视、侧视和上视，真可谓眼观六路。但唯一的缺欠是眼睛间的距离太大，要靠左右移动面部才能看清物体，在快速奔跑时，往往来不及转动面部，所以常常撞墙、撞树，“守株待兔”的寓言故事恐怕就取材于此。它的尾短而宽，略呈圆形。雪兔的腿肌发达而有力，前腿较短，具5趾，后腿较长，具4趾，脚下的毛多而蓬松，适于跳跃前进。鼻腔也大，下门齿长而坚固，这些既是对寒冷地域的适应，也表明它是更为进化的物种。 [1] 毛色冬夏差异很大。冬毛长而密，体侧与腹部毛最长，全身呈雪白色，厚密而柔软，体侧的毛长达5厘米，仅有耳尖和眼圈为黑褐色。。夏毛较体毛为淡栗褐色并杂有黑色毛尖针毛，头顶及耳背部杂有大量的黑褐色短毛，耳尖呈黑褐色，喉部、胸部及前后肢的外侧为淡黄褐色，颏、腹部及四肢内侧为纯白色，前肢脚掌的刷毛呈浅栗色，尾的背面有褐色斑纹。雪兔冬季毛色变白，主要由于换毛所致。换毛受光照的影响：光照减少，开始换毛，毛色变白；每天的光照时间增加，也开始换毛，由白色换成棕色冬天的雪兔毛色雪白的夏毛。换毛的顺序是由体侧、大腿和肩部开始，向上朝着脊背部的方向换，最后头部换毛；先换针毛，后换绒毛。雪兔毛长而绒厚，足底毛长呈刷状，便于在雪地上行走防滑。 [2],体长46-65cm，尾长4.3-8cm,栖息于寒温带或亚寒带针叶林区的沼泽地的边缘、河谷的芦苇丛、柳树丛中及白杨林中，是寒带和亚寒带森林的代表性动物之一,黑龙江，内蒙古，新疆,奥地利，白俄罗斯，爱沙尼亚，芬兰，法国，德国，爱尔兰，意大利，日本，哈萨克斯坦，拉脱维亚，列支敦士登，立陶宛，蒙古，挪威，波兰，俄罗斯，斯洛文尼亚，瑞典，瑞士，乌克兰，英国，丹麦,易危,种群现状：因雪兔的毛色随四季的变化而不同，是唯一冬毛变白的野兔，极具观赏性且市场上尚无雪兔产品，因此偷猎、走私、非法交易雪兔现象非常严重。中国的野生种群数量有待进一步调查。据1977-1979年资料，估计分布于大兴安岭地区的雪兔数量可达几万只。20世纪80年代初，大兴安岭林区每年收购雪兔皮约6、7千张。 [8]  [10]
057-细痣疣螈,http://localhost:8000/info/static/animals/057-细痣疣螈.txt,《细痣疣螈》,细痣疣螈,两栖纲,有尾目,蝾螈科,细痣疣螈，属两栖纲、有尾目、蝾螈科。又名疣螈、黑痣疣螈。成年细痣疣螈体长11―15厘米。栖息于海拔500一1500米的山间密林地带，静水塘及其附近潮湿的腐叶中或树根下的土洞内，中低山区和林原水塘积水区。繁殖季节过后离开水塘，常栖于山坡植物根部或上穴内。分布于越南北部，在中国主要分布于的广东、广西以及西部的四川、贵州、甘肃等省。中国国家二级保护动物。,细痣疣螈皮肤粗糙，有大的疣粒，似细痣，在产地还俗称为山腊狗。体长12―14厘米，尾长5―7厘米。雌性比雄性的体形略大。头部扁平，宽度大于长度，躯干浑圆或略扁，尾鳍褶弱，末端钝尖。吻部为梯形，吻端平切，鼻孔近吻端，唇缘平直，没有唇褶，口角距眼后角下后方较远，上下颌有细齿，犁骨齿“八”形，前端会合或略分开，位于二内鼻孔之间，向后外侧斜行；舌小，卵圆形，前后端与口腔底部粘连，两侧游离。四肢较细而长，前后肢几等长；前肢前伸指末端达鼻孔；前后肢贴体相对时，指、趾端相遇或略重叠；前肢共有4指，指长顺序为3、2、4、1，第一、四指几相等；后肢有5趾，趾长顺序3、4、2、5、1；指、趾较为扁平，末端钝圆。尾短于头和身体的长度，尾很侧扁，尾肌不发达，背鳍褶较宽而薄，起始于尾基部；腹鳍褶窄而厚；肛部略隆起，肛孔为长裂形。皮肤极粗糙，除唇缘、指、趾及尾下缘光滑外，周身满布瘰粒和疣粒，头侧脊棱极显著，自吻端向两侧经过上眼睑内侧与耳后腺相连，耳后腺后端向内弯曲，头顶部因此显得凹陷，中间有“V”形脊棱与背正中脊棱相连；沿体两侧各有一排规则的圆形瘰粒13一16枚，一般瘰粒间界限分明，近尾部至尾基部的瘰粒逐递变小至不显著；颈褶明显；胸腹部有细密横皱纹。除指、趾、肛外缘及尾下缘为桔红色外，一般全身均为黑褐色，个别呈棕褐色。腹面青石板色。雄性的第二性征表现在肛裂长，其长度大约等于鼻间距，肛孔内壁有小乳突，后部较多；雌性的肛裂短，在繁殖季节隆起略成小丘状。,体长12―14厘米，尾长5―7厘米,细痣疣螈产卵产在水塘边坡地上的腐烂落叶之中,广西，贵州，湖南，安徽,越南,濒危,
058-柳雷鸟,http://localhost:8000/info/static/animals/058-柳雷鸟.txt,《柳雷鸟》,柳雷鸟,鸟纲,鸡形目,松鸡科,柳雷鸟（学名：Lagopus lagopus）：有17个亚种，在松鸡家族中是一种中等体型的鸟，体重400-810克，体长380-410毫米。翅短圆，除第1枚外，初级飞羽的基部均有缺刻；尾羽16枚，尾长适中，末端稍圆，中央尾羽较其他尾羽稍高；腋羽很长；雌雄的冬羽大都白色；跗被羽到趾，夏季趾均裸露，仅具短而不规则的毛。雌雄的冬羽均为白色，仅尾羽黑色，飞羽的羽干亦黑，跗被羽到趾。其他季节体羽多变，但大都为栗棕色或棕黄色，具有各种暗色斑纹及斑点。,柳雷鸟体长36-45毫米，雄鸟体长及体重均大于雌鸟。成年雄鸟羽色华丽，前额黑色，面颊裸露为艳红色皮肤；头顶及颈浅褐色，颏、喉和颈部羽色浓绿色；耳羽黑色并现蓝绿彩金属光泽；颈下方有一白色颈环，故而得名“柳雷鸟”。柳雷鸟的体羽四季有变化。,体长380-410毫米,柳雷鸟生活在北极附近的冻原地带、冻原灌丛森林和多岩石的草甸地带，非常耐寒。,黑龙江,白俄罗斯，加拿大，捷克共和国，爱沙尼亚，芬兰，德国，爱尔兰，哈萨克斯坦，拉脱维亚，立陶宛，蒙古，挪威，俄罗斯联邦，西班牙，瑞典，英国，美国,无危,种群现状：该物种分布范围广，不接近物种生存的脆弱濒危临界值标准（分布区域或波动范围小于20000平方公里，栖息地质量，种群规模，分布区域碎片化），种群数量趋势稳定，因此被评价为无生存危机的物种。 [3]
059-黑长臂猿,http://localhost:8000/info/static/animals/059-黑长臂猿.txt,《黑长臂猿》,黑长臂猿,哺乳纲,灵长目,长臂猿科,体长约500毫米。前肢比后肢长，上臂长于前臂。 手细长且手和手指比脚和脚趾长。没有尾巴和颊囊，有两小块黑色臀胝。雌雄两性的颜色显然有别，雄猿全身黑色，但在幼小时，雌雄猿均呈淡棕色，头顶略带黑色，随着年龄的增长雄猿逐渐变黑，雌猿变为金黄色，头顶及后头部黑色不变。,树栖，极少下地，多在固定的范围内活动，有一定的活动路线。群栖每群10头左右。群中只有一雌成猿，其余均为年龄不同的雄猿。每日清早高声连续呜叫约10余分钟，在深山中回声甚为清晰。食物以树叶、花、果及昆虫为主，亦食小鸟和鸟卵，饮树叶上积水解渴。每年产仔一次，每胎1仔，怀孕期约7―8个月，雄猴9岁性成熟，寿命可达30余年。,体长约500毫米,,广东，云南，广西，长江三峡,,,解放初期数量较多，后来急剧减少。现已建立保护区，数量渐回升。可在动物园饲养，作为观赏动物
060-藏羚羊,http://localhost:8000/info/static/animals/060-藏羚羊.txt,《藏羚羊》,藏羚羊,哺乳纲,偶蹄目,牛科,藏羚羊体形也与黄羊相似，但比黄羊大，也显得健壮。体长为117-146厘米，尾长15-20厘米，肩高75-91厘米，体重45-60千克。通体的被毛都非常丰厚细密，呈淡黄褐色，略染一些粉红色，腹部、四肢内侧为白色，雄兽的面部和四肢的前缘为黑色或黑褐色。头部宽而长，雄兽的吻部粗壮多毛，上唇宽厚，没有眶下腺。鼻部肿胀而略微隆起，鼻腔宽阔，向两侧呈半球状鼓胀，鼻端被毛，鼻孔较大，略向下弯。每个鼻孔内还有1个小囊，其作用是为了帮助在空气稀薄的高原上进行呼吸，以利于快速奔跑。四肢强健而匀称，蹄子侧扁而尖。尾巴较短，端部尖细。鼠鼷部有两个对称的皮囊状鼠鼷腺，非常发达，能分泌有香味的黄褐色分泌物。雌兽没有角。雄兽有角，角形特殊，有20多个明显的横棱，细长似鞭，乌黑发亮，从头顶几乎垂直向上，仅光滑的角尖稍微有一点向内倾斜，长度一般为60厘米左右，最长的记录是72.4厘米，非常漂亮。因为两只角长得十分匀称，由侧面远远望去，却好像只有一只角，所以被称为“独角兽”或“一角兽”。 [4],,,栖息于海拔4600-6000米的荒漠草甸高原、高原草原等环境中，尤其喜欢水源附近的平坦草滩。藏羚羊生存的地区东西相跨达到1600公里，季节性迁徙是它们重要的生态特征。因为母羚羊的产羔地主要在乌兰乌拉湖、卓乃湖、可可西里湖，太阳湖等地。,新疆，青海，西藏,印度,濒危,栖息地面积仍在逐渐缩小。例如，西藏羌塘高原北部的双湖地区，原为无人区，分布有藏羚、藏野驴等珍稀动物，但从20世纪70年代中期起，则逐渐移民到双湖居住并放牧，使周围数百平方公里的适栖生境遭受人为干扰并沦为牧场。又如在青海西部乌兰乌拉湖及太阳湖－库赛湖一带，原来也是无人区，但在多年前，乌兰乌拉湖四周已有放牧活动；而后一较宽阔地域，则每年有成千上万的淘金者蜂拥而至，他们的挖金活动不仅破坏了原始植被，而且大大地加剧了人为的干扰，致使20000kO左右的地方很难见到藏羚的足迹；偷捕滥杀及走私现象迄今不但未能杜绝，藏羚的底绒非常细软，质地极佳，藏羚皮张的底绒售给不法商人的价格为1000元人民币/kg，或一张毛皮售价700元人民币。几经辗转，到一些国家竟高达数万美元。通常这些走私的藏羚毛皮或毛原料，通过各种手段运至尼泊尔、印度而最终到达意大利或法国等国家。高额的利润导致藏羚被大量猎杀，如1990年间，在青海省海西地区竟被杀死800只，占该区当年所盗猎的珍稀动物总只数的60%左右；青海境内的淘金者也时常捕猎藏羚，1989-1990年间约盗捕了1000多只。此外，在西藏及新疆南缘的滥杀现象仍时有发生，除作肉食外，还把雄羊犄角制作装饰品等等。其他威胁包括人类和饲养的家畜对藏羚羊的侵犯，人类活动对藏羚羊迁徙和活动的干扰，以及对藏羚羊栖息地的侵占。虽然藏羚羊分布区是人烟稀少、气候恶劣的高寒地区，但盗猎者手持武器、不断涌入藏羚羊栖息地或守候在藏羚羊迁徙路线上屠杀藏羚羊。根据中国有关部门近年来查获的藏羚羊皮、绒数量和各有关单位在藏羚羊分布区发现的藏羚羊尸骸情况分析，在1980-2005年的二十多年间，被盗猎的藏羚羊数量平均在20000头左右。此外，由于盗猎活动的严重干扰，藏羚羊原有的活动规律被扰乱，对种群繁衍造成严重影响。
061-大灵猫,http://localhost:8000/info/static/animals/061-大灵猫.txt,《大灵猫》,大灵猫,哺乳纲,食肉目,灵猫科,大灵猫体形细长，比家猫大得多，大小与家犬相似，成年体重6～10千克，体长60～80厘米，最长可达100厘米。头略尖，耳小，额部较宽阔，吻部稍突，前足第三、四趾有皮瓣构成的爪。体毛为棕灰色，带有黑褐色斑纹，口唇灰白色，额、眼周围有灰白色小麻斑。背中央至尾基有一条黑色的由粗硬鬃毛组成的纵纹，颈侧和喉部有3条显著的波状黑领纹，其间夹有白色宽纹，腹毛浅灰色。四肢较短，黑褐色，尾长超过体长的一半，尾具5～6条黑白相间的色环，末端黑色。 [2] 大灵猫的雄兽在睾丸与阴茎之间，雌兽在肛门下面的会阴部附近都有一对发达的囊状芳香腺，雄兽开启的香囊呈梨形，囊内壁的前部有一条纵嵴，两侧有3-4条皱褶，后部每侧有两个又深又大的凹陷，内壁生有短的茸毛；雌兽开启的的香囊大多呈方形，内壁的正中仅有一条凹沟，两侧各有一条浅沟。香囊中缝的开口处能分泌出油液状的灵猫香，起着动物外激素的作用。 [3],,,大灵猫主要栖息于海拔2100米以下的丘陵、山地等地带的热带雨林、亚热带常绿阔叶林的林缘灌木丛、草丛中，并选择岩穴、土洞或树洞作为栖息位点。[3,甘肃，四川，陕西，安徽，浙江，福建，江西，湖北，湖南，广东，海南，广西，贵州，云南，西藏,印度尼西亚，印度，孟加拉，不丹，锡金，尼泊尔，缅甸，柬埔寨，老挝，马来西亚，泰国，越南,近危,20世纪50年代中国大灵猫的资源估计超过20万只，后经长期过度捕杀，种群数量逐年迅速下降，至20世纪80年代初中国大灵猫的自然种群不足2万只，至20世纪90年代初，浙江、江西、安徽南部、贵州等地已十分罕见，大灵猫种群在我国已面临濒危。2007年江西齐云山自然保护区兽类资源调查与分析表明大灵猫为稀有种。在中国以外即使是在狩猎非常严重的老挝，也能偶尔被发现；在柬埔寨、越南和缅甸，它是相机追踪到最常见的哺乳动物；然而，在其他一些地区它已经大范围灭绝，种群趋势下降。 [5]
062-黑颈乌龟,http://localhost:8000/info/static/animals/062-黑颈乌龟.txt,《黑颈乌龟》,黑颈乌龟,爬行纲,龟鳖目,龟科,鉴别特征 体型较大。吻略突出于上喙，向内下侧斜切。甲桥宽，棕褐色或黑褐色，与腹甲颜色截然不同。背甲具一纵棱，无侧棱。形态描述 依据广西5雌6雄1幼共12号标本描述：背甲长123―257毫米，宽110―192毫米，头较大，宽30．5―61．5毫米，约为背甲宽的1／4―1／3，个别达1／2。吻呈圆锥状，略突出于上缘，吻端向内下侧斜切；上颚喙缘平直，无细齿；眼大，眶圆，眶间距较狭窄。背甲长椭圆形而平扁。后侧缘较前侧缘略宽；有一明显脊棱，无侧棱；颈盾1枚，钟形，小；椎盾5枚，偶有6枚者，第一枚五边形，第二至第四枚为六边形，宽大于长；肋盾4对，缘盾12对，偶有11或13对，体前、后端缘盾略向上翻翘；臀盾1对，呈矩形。甲桥宽厚而明显，具腋盾和胯盾。腹甲平坦，稍短于背甲，前缘平直，后缘凹缺深，呈“∧”形或月牙形；腹盾缝>股盾缝＞＜胸盾缝＞肛盾缝＞喉盾缝＞肱盾缝。四肢略平扁，前肢具若干排矩形的角质大鳞，后肢在胫骨后部被小鳞；趾间全蹼。尾圆锥形，雌龟尾长约为背甲长的1／4 ―1／3，雄龟及幼龟尾长约为背甲长的1／2。头颅骨有一骨质颧弓；方轭骨与眶后骨、轭骨切接；顶骨前缘呈“M”形，后方的延伸部不达上枕骨之末端；鳞骨后端锐角状；上枕骨后端平直。上颚咀嚼面宽阔，无中央嵴。骨质内鼻孔位于眼眶后半部的同一平面上。下颚左右齿骨的交角大于或等于90度；冠状骨高，与下颚长之比为1：2．2。椎板9枚，呈六边形，其短边位于前面；肋板8―9对；缘板11―12对。腹甲与背甲以骨缝连接；腹板具发达的腋柱和胯柱，向上伸展至肋板外缘；肱胸盾缝于内腹板后部1／4―1／3处横切。背甲一般棕褐色或黑褐色，有些个体每一盾片的中央部色较浅淡。腹甲棕黄色，缀有不规则的棕褐色斑纹。甲桥棕褐色、黑褐色或棕灰色，与腹甲颜色明显不同。雌性个体的头、四肢、尾及身体柔软部分均为黑色或黑灰色；头腹面色浅，有不规则的黄色斑纹，下颚后缘的斑纹有时呈弧形，咽喉部常有2条黄色的短纵纹，头侧有深色镶边的暗黄色条纹，分别由鼓膜上下后伸至颈部；肱、股腹面与身体相连处黄色，尾基腹面亦具黄色的纵纹，四肢前缘的大鳞黑色。雄性个体头、背栗棕色或棕褐色；上下喙、颈侧和头、颈、肱、股的腹面以及与身体相连处柔软部均为鲜桔红色；四肢的两侧和前缘大鳞、蹼的腹面亦为红色或稍抹红；缘盾腹面棕褐色和桔红色交错成斑，其上覆有绛红色污斑；头侧有黑色边缘的淡红色纵纹，从眼后沿鼓膜上下分别向后延伸；尾背黑色，有3条暗红色纵纹，尾基腹面鲜红色，自泄殖腔开口至尾基有一条红色纵纹。,,背甲长123―257毫米，宽110―192毫米，头较大，宽30．5―61．5毫米，约为背甲宽的1／4―1／3，个别达1／2。,生活习性生活于丘陵、山区的流溪中，杂食性。卵生，每产仅2枚，壳坚，白色，卵径51毫米×27毫米。,广东，广西,,,
063-(长尾)狨鼠,http://localhost:8000/info/static/animals/063-(长尾)狨鼠.txt,《(长尾)狨鼠》,(长尾)狨鼠,哺乳纲,啮齿目,鼠科,中小型的一种野鼠，尾长显著大于体长。体背被栗棕色柔毛，间杂有长毛，嘴角有黑色长须，超过头长，耳基前后方有束状的棕黄色长毛。腹毛全白，尾棕褐色且被毛稀疏。前足4趾，后足5趾，其中第1趾与其余4趾相对，无爪而具扁甲，趾基部肉垫发达，这些都是适于攀缘的形态结构。,生境与习性 狨鼠是生活在热带和热带性地区的稀有鼠种之一。在丘陵的竹灌丛林中生活，能熟练地在树上和竹子上攀爬，筑巢在竹子上或地面有沟坎处，嗜食竹类，能消化粗糙的竹纤维。50年代海南岛那大地区附近都是林灌性质的干旱环境，也许它就是这种生境中的一种动物。目前这种环境已面目全非，再也难于查到它了。,,,海南,印支半岛，马来亚半岛,,
064-马鹿,http://localhost:8000/info/static/animals/064-马鹿.txt,《马鹿》,马鹿,哺乳纲,偶蹄目,鹿科,马鹿（学名：Cervus elaphus）是仅次于驼鹿的大型鹿类，共有10个亚种，因为体形似骏马而得名，身体呈深褐色，背部及两侧有一些白色斑点。雄性有角，一般分为6叉，最多8个叉，茸角的第二叉紧靠于眉叉。夏毛较短，没有绒毛，一般为赤褐色，背面较深，腹面较浅，故有“赤鹿”之称。,,体长180厘米左右，肩高110-130厘米,马鹿生活于高山森林或草原地区。,黑龙江，辽宁，内蒙，宁夏，北京，山西，甘肃，西藏，四川，青海，新疆,亚美尼亚，阿富汗，阿尔及利亚，奥地利，白俄罗斯，比利时，不丹，波斯尼亚和黑塞哥维那，保加利亚，加拿大，克罗地亚，捷克共和国，丹麦，爱沙尼亚，法国，格鲁吉亚，德国，匈牙利，印度，伊朗，爱尔兰（撒丁岛），韩国，朝鲜，吉尔吉斯斯坦，拉脱维亚，立陶宛，卢森堡，马其顿，摩尔多瓦，蒙古，黑山，荷兰，挪威，巴基斯坦，波兰，罗马尼亚，俄罗斯，塞尔维亚，斯洛伐克，斯洛文尼亚，瑞典，瑞士，塔吉克斯坦，突尼斯，土耳其，乌克兰，英国，格鲁吉亚，乌兹别克斯坦,无危,马鹿的鹿茸产量很高，是名贵中药材，鹿胎、鹿鞭、鹿尾和鹿筋也是名贵的滋补品。
065-蓝鲸,http://localhost:8000/info/static/animals/065-蓝鲸.txt,《蓝鲸》,蓝鲸,兽纲,鲸目,须鲸科,形态 1904～1920年间在南极捕获的一头雌鲸体长33．58 m，这是用正确方法测量的最长的蓝鲸标本。1947年在南极捕获的一头长27．6 m的雌鲸，体重190 t，这是最重的记录。头部宽而较扁，呼吸孔前面和两侧有肉质的脊包围，一条纵脊自呼吸孔的脊伸至吻端。背鳍相对较小，呈三角形、钝圆形、镰刀形等，形状多变，位于吻端向后约3／4体长处。鳍肢长可达体长的1／4，梢端钝尖。宽阔的尾叶具有相对较直的后缘和显著的缺刻。蓝鲸的体背面蓝灰色，下面色略浅至白色。头为均匀蓝色，背面和体侧面有杂斑。透过水面看，可呈现有杂斑的或均一的浅蓝色。体两侧、背面和腹部有一些大小不等的杂斑，通常为浅底上有黑色斑，但有时相反。呼吸孔后的头顶处有1个人字斑，有时是头部与体部间颜色转变的界线。有55～88条长褶自喉部伸展达到或接近脐。口内有270～395对黑色的、宽基部的鲸须板。最大的鲸须板长不到1 m，宽大于长。吻突的两侧缘外凸，前颌骨腭面后端急止于距上颌骨后端较远处，头骨背面的额骨比其他须鲸的窄。,鉴别特征 蓝鲸是最大的须鲸，也是世界上现存的体型最大的动物。其实，除少数最大的个体外，许多蓝鲸个体的大小与长须鲸和塞鲸的成体相似。蓝鲸的体形与所有的须鲸类一样，也呈细长的流线形。从背面看头部宽而呈“U”形，侧面观较扁平。沿头部背面的中央有1条隆起的脊，止于围绕呼吸孔的“防溅瓣”。鳍肢长而钝尖。背鳍相对较小，位于吻端向后约3／4体长处。宽阔的尾叶具有相对较直的后缘和显著的缺刻。,雌鲸在体长21～23 m时达性成熟，雄鲸性成熟体长为20～21 m,,黄海，东海，台湾,各大洋,濒危,
066-黄头金雀,http://localhost:8000/info/static/animals/066-黄头金雀.txt,《黄头金雀》,黄头金雀,鸟纲,雀形目,攀雀科,黄头金雀（学名：Auriparus flaviceps，英文名：Verdin）是攀雀科黄头金雀属鸟类。是墨西哥和美国西南部的一种小型的鸟。身长3.5英寸，上体灰色，具有淡黄色的头部和颈部，有一张短而薄的鸟喙，黑眼先，灰白色的胸腹部，褐色的肩，雌雄相似。[1],黄头金雀是墨西哥和美国西南部的一种小型的鸟，身长10公分（3.5英寸），上体灰色，具有淡黄色的头部和颈部，有一张短而薄的鸟喙，黑眼先，灰白色的胸腹部，褐色的肩，雌雄相似。 [1] 其身体呈灰色，腹部呈白色，头部和喉部呈黄色，翅膀上有栗子色斑纹。黄头小山雀生活在加利福尼亚南部（southern California）、亚利桑那南部（southern Arizona）和墨西哥北部（northern Mexico）的沙漠中。它以昆虫、坚果和浆果为食。雌鸟把窝悬挂在仙人掌枝杈上，产三到五只带绿斑点的蛋。这个窝是它们全年的栖息所。 [1],身长10公分（3.5英寸）,生活在北美西南部干燥的灌丛地带,,美国，加拿大，格陵兰，百慕大群岛，圣皮埃尔，墨西哥，危地马拉，伯里兹，洪都拉斯，萨尔瓦多，尼加拉瓜，哥斯达黎加，巴拿马，巴哈马，古巴，海地，牙买加，多米尼加，安提瓜，巴布达，圣文森特，格林纳丁斯，圣卢西亚，巴巴多斯，格林纳达，特立尼达，多巴哥,低危,
067-沙漠条蜂,http://localhost:8000/info/static/animals/067-沙漠条蜂.txt,《沙漠条蜂》,沙漠条蜂,,,,雌体长14―17mm；体黑色；胸及腹部密被黄褐色毛。唇基具细小刻点；上唇粗，似小突起状；第1鞭节短于节2+3+4之和；臀板长，端部截断状。后基跗节及距黄褐色；翅烟色，翅基片及翅脉深褐色。唇基被短的黑褐色毛；上唇被短黄毛；眼侧、额、胸部密被黄褐色长毛；前足腿节及胫节外侧被长黑毛，跗节内、外表面均被黑毛；中足胫节及基跗节被黄毛，但中足及后足基跗节内表面被黑毛；后足毛刷白色；后基跗节毛缴黑色；腹部第2―5节背板密被伏卧状的黄毛；第2―5节腹板端缘具黑毛，两侧毛色浅。雄体长14―17mm；似雌性；但触角柄节、上颚基部、上唇(除基部两侧圆斑黑色)、唇基(除基部2小黑斑)、额唇基1横斑均为浅黄色；触角第1鞭节短于节2+3；腹部腹板被长黄色毛；第4―6节腹板中央有1撮鲜褐色毛；第7背板钝，两侧各具1尖齿；后基跗节内侧基部具1齿状突起(图113)。,,体长14―17mm,采访植物 黄芪,内蒙古，新疆,中亚,,
068-黑麂,http://localhost:8000/info/static/animals/068-黑麂.txt,《黑麂》,黑麂,哺乳纲,偶蹄目,鹿科,黑麂外形与云南西部和缅甸分布的贡山麂十分相似 [4]  。黑麂是麂类中体型较大的种类。体长100~110厘米，耳长80~98毫米，尾长20~40毫米，后足长230~285毫米，颅全长132~147毫米。肩高60厘米左右，体重21~26千克。自吻端直至眶前区的面长为64~70毫米，一般短于颅全长的1/2。头骨短小，吻部较窄，鼻骨长直（长44~46毫米），且其最宽处在前部。泪骨形态与林麝相反，呈长方形，即多数为长大于宽（长17~22毫米，宽16.5~18.5毫米），仅极少数是长宽相近。 [5] 黑麂冬毛上体暗褐色；夏毛棕色成分增加。雄性具角，角柄较长，头顶部和两角之间有一簇长达5~7厘米的棕色冠毛。黑麂体被的粗硬脆性波形状长毛易脱落，且几乎呈一致的黑褐色（包括头部、耳和四肢）。半成体毛色略淡，多为暗褐；胎儿及初生幼仔体具浅黄色圆形斑点。背面黑色，尾腹及尾侧毛色纯白，白尾十分醒目。眼后的额项部有簇状鲜棕、浅褐或淡黄色的长毛，有时能把两只短角遮得看不出来“蓬头麂”之名就是从此而来的 [5]  [1]  。,黑麂胆小怯懦，恐惧感强，大多在早晨和黄昏活动，白天常在大树根下或在石洞中休息，稍有响动立刻跑入灌木丛中隐藏起来，其在陡峭的地方活动时有较为固定的路线，常踩踏出16~20厘米宽的小道，但在平缓处则没有固定的路线。一般雄雌成对在一起，活动比较隐蔽，有领域性，一般在领域范围内活动，还具有惊人的游泳本领 [1]  。黑麂早春时常在茅草丛中寻找嫩草；夏季生活于地势较高的林间，常在阴坡或水源附近，偶尔也到高山草甸；冬季则向下迁移，在积雪的时候被迫下迁到山坡下的农田附近，大多在阳坡活动。黑麂有游走觅食的习性，在一定的范围内来回觅食，直到吃饱为止。主要以草本植物的叶和嫩枝等为食，种类多达近百种，包括伞菌、三尖杉、矩圆叶鼠刺、杜鹃、南五味子、爬岩红等。曾在它的胃内发现过一些碎肉块，表明它能偶尔也吃动物性食物，这在鹿类动物中还是绝无仅有的 [1]  。,体长100~110厘米,主要栖息于海拔为1000米左右的山地常绿阔叶林及常绿、落叶阔叶混交林和灌木丛中，比其他麂类栖息的位置较高,安徽，浙江，江西，福建,,易危,
069-湖斜顶螺,http://localhost:8000/info/static/animals/069-湖斜顶螺.txt,《湖斜顶螺》,湖斜顶螺,腹足纲,基眼目,,贝壳小型，壳质薄，易碎，呈J状。直径8毫米，宽3．5毫米，高3毫米。贝壳无螺旋部，壳顶位于中央，略偏于后方，并向左侧倾斜，壳前半部略宽于后半部。 壳顶后方壳面较陡，前方壳面较平坦。壳面为黄褐色或白色，具有同心圆的生长纹。壳口宽大，长椭圆形。,,直径8毫米，宽3．5毫米，高3毫米,栖息于池塘、湖泊、缓流小溪沿岸及山谷泉水水域、附着于水草或水中石块上。,黑龙江,北亚，欧洲,,
070-水獭,http://localhost:8000/info/static/animals/070-水獭.txt,《水獭》,水獭,哺乳纲,食肉目,鼬科,半水栖的中型食肉兽。头宽扁，吻不突出，眼耳都小，体筒状细长，尾中等长，基部粗、尖端细，柔韧有力。四肢短，趾间有蹼，各趾爪显露、侧扁，略有大小。嘴角触须长而粗硬，前肢腕垫后也有数根短刚毛。体毛短而密致，多咖啡褐色，有油亮光泽。,傍水而居。常独居，不成群。多居自然洞穴，常爱住僻静堤岸有岩石隙缝、大树老根、蜿蜒曲折、通陆通水的洞窟。有时也栖息在竹林、草灌丛中，一般有一定的生活区域。往往在一个水系内从主流到支流，或从下游到上游巡回地觅食，亦能翻山越岭到另一条溪河，洪水淹洞或水中缺食时也常上陆觅食，滨海区的水獭尚有集群下海捕食的习惯。爱在通透性较好的水域追捕鱼群，也常候在岩边或水中露头的岩石上猎食，靠灵敏的视、听、嗅觉和矫健的泳术觅得食物。以鱼为主食，也捕食蟹、蛙、蛇、水禽以至各种小型动物。没有明显的繁殖季节，全年均可繁殖。通常1胎2仔。妊娠期8周。哺乳期约为50天。性成熟年龄为2岁。,,,湖北，云南，四川，陕西，广东，吉林，黑龙江，浙江，台湾，辽宁，内蒙古，江苏，贵州，海南，安徽，山西，广西，湖南，甘肃，河南，西藏，福建，江西,欧亚大陆,近危,种群现状 数量不详。从历年收购皮张的情况来看，以华南、西南和东北区较多，50-60年代每年收购皮张量约1万张，至80年代初期收购量仅1000张左右，一定程度上反映了水獭资源陡降的趋势。致危因素1、栖息地环境劣变。由于獭类生活环境污染、水质变劣，破坏了獭类栖息地和食物来源。污染严重的地方獭类会直接被毒死，在污染较低的地方，出现繁殖力低下，对疾病的抵抗力弱的恶果；2、无度狩猎。獭皮价格昂贵，肝脏被认为是贵重的中药材，猎獭者穷追不舍，使水獭数量剧减。尤其是猎獭技术益精，运用\"钩帘\"法捕獭，大小水獭无一幸免，多数山溪江河已罕有獭迹。饲养情况 不详。现有保护措施 列入国家重点保护野生动物名录 II 级。未经省级林业厅批准，不准捕猎，实际上控制力度非常有限。现有保护区中许多都应该能对水獭保护起一定的作用，如：黑龙江的七星砬子保护区和连三泡保护区；广西的青狮潭水源林保护区、布柳河水源林保护区、西大明山水源林保护区、滑水冲水源林保护区、穿洞河水源林保护区、三匹虎水源林保护区、古龙山水源林保护区、姑婆山水源林保护区、下雷水源林保护区、六万山水源林保护区、拉沟鸟类保护区等（李世裕，1993）。保护措施建议 1、有必要对水獭及其栖息地进行全面调查，对其现状、衰退的原因以及保护对策和行动计划认真研究和制定；2、严格实行禁止捕獭，至少在10年，包括禁用钩帘捕獭。部分保护区应重点开展水獭保护项目，以利管护、恢复和发展水獭资源；3、应采取积极行动，限制工业废水的排放，防止水源和湿地污染及有毒化学物质的毒害。
071-白腹军舰鸟,http://localhost:8000/info/static/animals/071-白腹军舰鸟.txt,《白腹军舰鸟》,白腹军舰鸟,鸟纲,鹈形目,军舰鸟科,白腹军舰鸟（学名：Fregata andrewsi）是鹈形目军舰鸟科的鸟类。全长约95厘米。为大型热带鸟类，喉部有喉囊，用以暂时贮存所捕食的鱼类。上体黑色，具绿色光泽。喉、颈、胸黑色，具紫色光泽。腹白。嘴黑，喉囊红色。雌鸟和雄相似，但胸和腹白，嘴玫瑰色。数量很稀少，估计全世界的总数尚不足1600对。热带海洋鸟类，飞翔极为迅捷和灵巧，不善陆行，也不善于游泳。取食主要在空中进行，捕食时，能贴在水面上飞行，追逐漂浮在水面上或飞出水面的鱼类。,白腹军舰鸟属于大型的海洋性鸟类，体长将近1米，雌鸟的体形一般比雄鸟还要大，蓝灰色的嘴峰很长，尖端弯曲成钩状，喉部有红色的喉囊，可以用来暂时存储捕到的食物。两翼狭窄，下臂的掌骨和指骨特别延长，两翼展开时可达2米。尾羽呈深叉状。脚也是红色的，与其他水鸟不同的是，它的脚趾间虽然也有蹼，但蹼膜在各趾间有很深的缺口。上体的羽毛都是乌黑色并带有绿色的光泽，颈部和和胸部还闪烁着紫色的光泽，腹部却是白色的，这使它很容易与其它军舰鸟区别开来。,体长950毫米,,广东,文莱达鲁萨兰国，柬埔寨，中国，圣诞岛，印度尼西亚，马来西亚，菲律宾，新加坡，斯里兰卡，泰国，东帝汶，澳大利亚，科科斯（基林）群岛，印度，日本，越南,极危,种群现状：白腹军舰鸟的分布范围不大，在中国仅见于广东沿海一带，数量也很稀少，估计全世界的总数尚不足1600对。它不仅是中国的一级重点保护动物，还被列入国际鸟类保护委员会的世界濒危鸟类红皮书中 [4
072-长吻鬼,http://localhost:8000/info/static/animals/072-长吻鬼.txt,《长吻鬼》,长吻鬼,硬骨鱼纲,形目,,测量标本10尾，采自东山、台湾堆西南、海门、硇洲、闸坡、汕尾、遮浪。背鳍ⅩⅦ～ⅩⅧ-7～9；臀鳍Ⅱ-12～13；胸鳍10+ii；腹鳍Ⅰ-5；尾鳍14。鳃耙2～3+6～8。椎骨29～30。体长为体高3.5～4.7倍；为体宽4.2～5倍；为头长2.7～3.2倍；为腹鳍起点至臀鳍6.8倍。头长为吻长2～2.3倍；为眼径5.3～6.2倍；为眼间隔3倍；为眼后头长2.1倍；为上颌长5倍；为尾柄长3.2倍；为尾柄高3.1倍；为背鳍第一鳍棘2.5倍、第二鳍棘1.5倍、第三鳍棘1.6倍、第四鳍棘1.5倍、第五鳍棘1.4倍、第六鳍棘1.5倍、第八鳍棘1.7倍、第十鳍棘1.6倍、最后鳍棘2.3倍、倒数第二鳍棘2.1倍、倒数第三鳍棘2.1倍、最长鳍条1.9倍；为臀鳍第一鳍棘5倍、第二鳍棘3.2倍、最长鳍条3.5倍；为胸鳍长0.95倍、基底宽2.7倍、第一游离鳍条1.0倍、第二游离鳍条3.2倍；为腹鳍长1.6倍、鳍棘5倍；为尾鳍长1.4倍。尾柄长为尾柄高1.4倍。颜角前段30度，后段27度。体较长，前部粗大，长椭圆形，尾部向后渐狭小，背缘平斜，腹缘浅凹弧形；躯干前部稍高，腹鳍基部处体最高，躯干长远短于尾长，为尾长0.3倍；尾柄短小，侧扁，尾柄长约等于尾柄高。头宽大，头宽小于头长，吻部高凸，眼上缘高凸，头腹缘凹弧形。吻长大，宽圆，吻长为眼径3倍，等于或大于眼后头长。鼻孔2个，分离较远；前鼻孔距吻端近于距眼；后鼻孔距吻端约等于距眼。眼小，高位，突出于头背，距吻端略大于距鳃盖骨后缘。眼间隔宽大深凹，约为眼径2倍。口小，上位，口裂垂直，口裂长为头长。下颌上包于上颌前方，前端具1向下骨突；上颌前端凹入；上颌骨后端宽圆，伸达眼前下方。唇薄。上下颌及犁骨具细牙，腭骨无牙。舌宽厚，前端扁圆，游离。鳃孔宽大，上端具卷孔；第四鳃弓后具1裂孔。鳃盖膜左右分离，与峡部相连。鳃盖条7，第一条细小，后6条基部平扁扩大。鳃耙颗粒状，有细刺；鳃丝长为眼径。假鳃发达。无鼻棘。眼前吻侧具1眶前骨，眼下方具第一和第二眶下骨，眼后具第四眶下骨，无第三和第五眶下骨。眶前骨中大，外侧具1棘，下缘具2棘。第一眶下骨狭小，具1棘；第二眶下骨前部狭小，后部很宽大，伸达前鳃盖骨上缘，具2或3棘；第四眶下骨短小，下端连于第二眶下骨。眶前骨具5辐射状感觉管，后枝经第一眶下骨伸达第二眶下骨，向上穿越第四眶下骨。前鳃盖骨具3或4棘；第一和第二棘大；其余棘短小；第一棘基前具1副棘。鳃盖骨具1棱，后端具1棘。下鳃盖骨和间鳃盖骨无棘。颅骨棘棱粗钝。侧筛骨光滑，具1眼前突。额骨光滑，眶上棱高凸，具眼上突和眼后突各1个；无鼓棘；眼间具额棱1对，低平，无额棘。顶骨光滑，顶棱高凸，具2棘。眼后至侧线前端具蝶耳突1个，短小；翼耳突1个，较大；后颞颥突2个；肩胛棘1个，较高突。具肱棘。前颌骨突高凸；吻背后部横凹，下侧具1深窝；眼间隔横棱前方深凹，后方具1横沟状顶枕窝；头部无其他凹洼。皮须发达，大小不等，有些具树枝状分枝；前鼻孔和后鼻孔均具皮质短管，眶前骨下缘具2皮须；眼球上具细小皮突；下颌骨具2皮须，前须粗大，有许多分枝；下颌腹面具多条皮须；前鳃盖骨具多条皮须；体侧上半部、背鳍和胸鳍散布皮须。眼前棘、眼上棘、眼后棘、顶棘、臀鳍、腹鳍和尾鳍无明显皮瓣。体光滑无鳞。侧线高侧位，平直，后部行于尾柄中央，伸达尾鳍基底；侧线与背鳍间具1纵列约4或5黏液孔。背鳍起点位于鳃盖骨棘前上方；鳍棘部长略大于鳍条部3倍，其间无明显缺刻；鳍棘较细长尖锐，仅端部露出，大部为皮膜掩盖；第一鳍棘和后部数鳍棘较短；第二和第三鳍棘较长；前3鳍棘与第四鳍棘间距较大，呈分离状态；前3鳍棘的鳍膜浅凹，后部各鳍棘膜深裂至鳍棘中部；第六至第十鳍棘最长，为头长，约为眼径4倍，与最长鳍条约等长；最后鳍条伸达尾鳍基底，鳍膜与尾鳍基底相连；第一至第三鳍条最长，头长为其长1.5～1.8倍。臀鳍起点位于背鳍第十一鳍棘下方，鳍长约为背鳍鳍条部3倍；鳍棘短小，约等长，约为眼径1.2～1.5倍；第八至第十鳍条最长，短于背鳍最长鳍条，头长为其长1.6～1.9倍；最后鳍条伸越尾鳍基底，鳍膜与尾鳍基底相连。胸鳍宽大，圆形，下侧位，伸达臀鳍前部上方，基底下端伸达眼前缘下方，具1不分枝、6分枝、3不分枝鳍条，下方具2细长指状游离鳍条；第三至第五鳍条最长，头长为其长0.8～0.9倍；第一游离鳍条长于第二游离鳍条，伸达腹鳍后端，几伸达肛门。腹鳍胸位，后端伸达肛门；鳍棘长约为第一鳍条2/3；第五鳍条最长，头长为其长1.1～1.2倍，鳍膜与体壁相连。尾鳍颇长，圆截形，鳍长约等于体高，头长为其长1.1～1.3倍。体腔大，腹膜白色。胃大，囊状。肠较粗，盘曲2次。幽门盲囊4个，盲管状，伸达胃后端。椎骨28。无鳔，外肌带宽大，后端具5较短指状韧带突起。体褐红色，具斑纹和斜纹；眼下方有时具1白色圆斑，眼后缘及眼间隔有时具白斑，舌上有黑褐色细花纹。胸鳍具3横行黄斑，里侧具黄斑，指状游离鳍条具节斑；尾鳍具4～6横行黄斑；臀鳍具斜纹和黑色斑点；背鳍鳍条具黄色宽大横纹。,,暖水性海洋鱼类，中小型，体长约170～220mm。头宽大凹凸，体粗壮，无鳞，具皮瓣，胸鳍宽大，为一典型的底栖生活鱼类，行动滞钝。活动范围不大，无远距离洄游习性。主食小鱼和甲壳类动物等。卵生。数量不多，一般为拖网所兼捕。头部棘突和鳍棘的毒腺具剧毒，被刺伤后剧痛20多小时，创口肿胀，伴有全身阵痛，发热畏寒。,,南海,印度洋，太平洋，印度，大洋洲，印度尼西亚，菲律宾,,
073-斑头鸬鹚,http://localhost:8000/info/static/animals/073-斑头鸬鹚.txt,《斑头鸬鹚》,斑头鸬鹚,鸟纲,鹈形目,鸬鹚科,斑头鸬鹚（学名：Phalacrocorax capillatus）：又名绿鸬鹚、绿背鸬鹚。大型水鸟。体长80-84厘米，体重2500克。体羽黑绿色，有蓝绿色金属反光。嘴基部内侧黄色，裸出皮肤白色，颊后方及后头有白色羽毛。背暗绿色，羽缘黑色，胁有白色粗斑。嘴长直且尖，较粗壮，呈圆锥形，先端弯曲成钩状。嘴、眼周裸露无羽。尾较长且圆，尾羽为14枚。翅较宽长，背、肩和翅上覆羽为暗绿色，颊后方、后头和后颈杂有白色丝状羽，两胁各有一个大的白斑。,斑头鸬鹚是大型水鸟。体羽黑绿色，有蓝绿色金属反光。嘴基部内侧黄色，裸出皮肤白色，颊后方及后头有白色羽毛。背暗绿色，羽缘黑色，胁有白色粗斑。嘴长直且尖，较粗壮，呈圆锥形，先端弯曲成钩状。嘴、眼周裸露无羽。尾较长且圆，尾羽为14枚。翅较宽长，背、肩和翅上覆羽为暗绿色，颊后方、后头和后颈杂有白色丝状羽，两胁各有一个大的白斑。 [3] 虹膜绿色，嘴暗角褐色，下嘴基部、眼区裸露皮肤和喉囔橙黄色，眼后颊部白色。脚粗短而强壮，黑色，内侧缀有黄色。四趾向前，较扁平，趾间具全蹼。冬羽和夏羽相似，但颊后、头后和后颈无白色丝状细羽，胁亦无白斑。 [3] 幼鸟似成鸟，大致为暗褐色。但翅上覆羽和三级飞羽略灰色，具黑褐色羽缘。背暗褐色。颏、喉和脸的两边暗白色，下颈黑色，羽毛基部白色。上胸白色。缀有黑色斑点，下体中部白色，两胁和尾下覆羽黑褐色，脸部裸露皮肤和喉囊黄色。嘴灰色，嘴峰黑色，脚和趾亦为黑色。 [3],体长800-840毫米,栖息于东太平洋温带海洋沿岸和邻近岛屿及海岸上，冬季和迁徙期问也见于河口及邻近的内陆湖泊,河北，山东，青岛，浙江，福建，台湾，云南,太平洋，俄罗斯朝鲜，日本,无危,繁殖期4-6月。通常几对在一起成小群繁殖，亦有单对孤立繁殖的。营巢于海岸和海岛岸边，通常置巢于人类难以靠近的悬岩岩石上或突出于海中的悬岩上。也有在离海岸2-3公里远的针叶树上营巢的。通常在4月中旬至4月末开始营巢。巢由枯草和海草构成。每窝产卵4-5牧。卵的大小为60-64×38-43毫米、平均63×40毫米。卵的颜色为白色
074-海獭,http://localhost:8000/info/static/animals/074-海獭.txt,《海獭》,海獭,哺乳纲,食肉目,鼬科,海獭为最小的海洋哺乳类。体呈圆筒形，体长1.40-1.48米，体重32.5-45千克。扁平的尾部占体长的四分之一左右。头部较短而宽阔。耳壳小。口鼻部较为短钝，吻端裸出，上唇与脸颊相当发达，覆有浓密的硬须。躯干肥圆，后部细，形似鼬鼠。前肢短呈圆形，海獭用它来抓取食物、理毛、与使用各种用来敲开贝壳用的工具；后肢扁而宽大，呈鳍状，有蹼；趾间具蹼。体被刚毛和绒毛。尾长而扁平，呈桨状。成年雄性在头部与颈部较雌性粗壮。共有三个亚种，其中阿拉斯加海獭体型比加尼福尼亚州海獭来得大而粗壮。上、下颚各长有8对牙齿。 牙齿宽大，齿尖短钝，适于咬碎猎物的硬壳。前肢短小，专门取食和梳刷绒毛。后肢宽厚，第1-5趾依次延长，趾间有蹼，5趾连成鳍状；在游泳时，它们用后肢交替地扒水，产生向前的力。尾巴呈扁平状，较长，约占身体的四分之一，游泳时可以当舵用。尾与后肢均已进化成专供游水的器官。 海獭除了鼻尖与脚掌，全身覆盖着浓密的皮毛，每平方厘米有毛12万5千根，同时皮毛上还有一层脂肪，即使在深水里也能滴水不透。它们有1层紧密、呈暗褐色至红棕色的下层绒毛，而其针毛（guard hair，用以保护下层细密绒毛的粗长外毛）较疏松，呈浅褐色至黄棕色，特别是在脸部与头部。初生幼兽有淡而呈暗黄色的毛皮，其针毛在数星期后会转为浅黄色。,海獭擅长潜水，经常潜到3-10米处活动，有时潜到50米深的海底寻找食物，它们几乎不到陆地上活动，也从不远离海岸。与其它海兽相比，海獭的游泳速度算是比较慢的，每小时仅10-15千米。海獭性喜群栖，白天常常几十个甚至几百个在海里嬉闹、觅食，到了晚上，有时睡在岩石上，但更多的时间是躺在漂浮于海面的海藻上。遇到海面刮大风暴时，它们就成群地跑到岸边躲起来。海獭不像其他海兽那样，一般不作大范围的回游，喜欢过定居生活。海獭是一个匠心独具的 “工程师”，当它上岸时，会把一块块石头搬来构筑一个个漂亮的巢穴。它那个细小的 “手”，非常会使用工具。夜幕降临，有的海獭也爬上岸来，在岩石上睡觉，但大多数时间海獭却寝于海面。它们寻找海藻丛生的地方，先是连连打滚，将海藻缠绕在身上，或者用肢抓住海藻，然后枕浪而睡，这样可避免在沉睡中被大浪冲走或沉入海底的危险。海獭的这种睡觉模式可以有效地抵御来之岸上的敌害威胁。海獭睡觉时，如果受到敌害的来犯或者受到惊忧，大多数成员立即潜水逃跑，但常有少数成员留下来，以探明引起骚动的原因。一旦发现确有危险时，就用尾巴“噼啪劈啪”地猛击水面，以此作为报警信号，通知其它成员赶快潜逃。海獭上岸后行动迟钝，凭借灵敏的听觉和嗅觉察觉危险。嗅觉十分灵敏，能够嗅到8千米以外人吸烟的味道。要是有人在海滨上走过之后，如果不经几次潮水把人留下的气味刷掉，它们就不会上岸。这种灵敏的嗅觉有利于它们及早发现敌害。海獭平时总是用相当多的时间来梳理、舔擦自己，皮毛、头尾和四肢都不放过，连胸腹部这个“餐桌”也都洗得一干二净，它的这种“梳妆”是为了自己的生存，海獭全靠身上的皮毛起保护作用，如果皮毛乱蓬蓬的，或者沾上了污秽，海水就会直接浸透皮肤，把身体的热量散失掉，因而会被冻死。海獭的食物大部分是海底生长的贝类、鲍鱼、海胆、螃蟹等，有时也吃一些海藻和鱼类。在水面进食时常采取仰泳姿态，有时以同样姿式携带幼仔出游。海獭是地球上食量最大的动物之一，通常一天要消耗其体重的三分之一那么多的海鲜。它们最喜欢吃的食物是海胆，但海胆的壳很坚硬，靠牙齿是绝对咬不开的，海獭就想出了一个很聪明的办法：它们在海底抓到海胆或其它软体动物以后，先把猎物挟藏在两个前肢下面松弛的皮囊中，游到水面后仰躺，把随身携带的约有拳头大的方形石块放在胸腹上作砧板，然后用前肢抓住猎物使劲往石头上撞击，击几下以后看一下猎物的外壳是否破碎，若未破碎，则继续用力撞击，直到壳裂肉露为止，一旦发现壳敲破了，海獭便马上将里面的肉质部分吸食出来。吃饱之后，海獭把石头和吃剩的食物藏在皮囊中，即使海浪冲击也不会失落，以备再用。,体长1.40-1.48米,海獭栖息于多种海岸栖地，其范围由岸石海底和海岸线至沙或泥质的海底。多生活于水深40米以内的范围，但经常会移动至更深的海域以觅食或进行季节性的移动。,,加拿大，日本，墨西哥，俄罗斯联邦，美国,濒危,种群现状：在1741年商业捕猎开始以前，海獭的分布相当广泛，估计当时的数量约在150，000至300，000只之间。直到1911年由美国、日本、俄罗斯、与英国协议通过国际协定禁止捕捉海獭时，海獭的数量已经减少到只剩下数千只。在大部分区域海獭皆回复良好，但到了1990至2000年间因不明原因而造成数个族群的数量减少。至1990年代早期，阿拉斯加族群的数量估计约有10，000只，但在1990年代中、晚期于阿留申群岛一带急剧地减少，确实原因仍不明，部分科学家认为可能是虎鲸捕食的结果。加州族群数量也在下降中，1995年估计约2，377只，至2000年剩约1，700只，在美国濒临绝种动物条例（U.S. Endangered Species Act）中被列为“受威胁种”，而在1977年的海洋哺乳类保护条例（Marine Mammal Protection Act）中列为“枯竭种”。它们的危机在于本身为小族群，加上受到渔网与加洲中部海岸的原油外泄污染等威胁。在1980年代于加州南部曾有重建加州海獭族群的计划，但复育后野放的海獭不是回到中部加州的原居地，就是死于人为因素或失踪。同一时间，在1990年代早期于圣米高岛建立了小型的自然栖地，至1990年代晚期已有部分数量沿加州海岸往南移动至康塞普申角。
075-滇金丝猴,http://localhost:8000/info/static/animals/075-滇金丝猴.txt,《滇金丝猴》,滇金丝猴,哺乳纲,灵长目,猴科,虽名为"金丝猴"，实际并无金黄色的毛。身体较四川金丝猴稍大，体长740-830mm，尾相对较短，略等于体长，约510-720mm，但比较粗大。身体背面、侧面、四肢外侧，手、足，和尾均为灰黑色。在背面并具有灰白色的稀疏长毛。颈侧、腹面、臀部及四肢内侧均为白色。,栖息于海拔3，300-4，100m 左右的高山暗针叶林带。滇金丝猴的猴群不大，多为20-60只，尚未发现有150只以上的大群。为多雄多雌的混合群体，有社群等级行为。无明显的季节性的垂直迁移现象。活动范围猴群大小有异，约20-133.4 km2，其平均密度为1.12-2.5只/ km2。主食针叶树的嫩叶和越冬的花苞及叶芽苞，也食松萝和桦树的嫩枝芽及幼叶，5-7月还吃箭竹的竹笋和嫩竹叶。11月中旬所观察到的社群中，成年雌猴几乎都抱有幼仔，且大小都比较整齐，据其形态，估计大多是在7-8月出生的。由于它们栖息地比川金丝猴海拔高，故产仔要迟2-3月。,体长740-830mm，尾相对较短，略等于体长，约510-720mm,,云南，西藏,,,种群现状 据中科院昆明动物所调查报道（李致祥等，1979；马世来等，1984-1985；杨德华等，1981；白寿昌，1988；王应祥等，1985-1988），滇金丝猴仅分布于滇西北，北起西藏芒康，南至云南云龙一个狭窄的高山深谷地带，猴群数量较少，一般仅20-60只，很少超过100只大群，估计种群总数在云南难以逾越1，000只（白寿昌，1988）；西藏芒康约1，000只（尹秉高、刘务林，1993）。致危因素 主要是滥猎供作毛皮用。据在云南德钦县霞若区调查。70年代该区滇金丝猴估计不下1000只，但1971－1981年猎杀统计数达430多只，到现在仅剩下200余只（白寿昌，1987）。1978-1981年上半年，仅白马雪山东坡一小区域，三年半时间共枪杀139只，其他产滇金丝猴的地区，其情况也大同小异（木文伟等，1982）。同时还由于森林不断采伐、毁林开荒以及放牧，严重地破坏了它们的栖息环境而导致社群分割，一些小的社群最后遭到蚕食绝灭。饲养情况 1987年昆明动物研究所从野外捕获了4只，其中用了2只进行驯养试验，据其择食性及消化道结构看，认为它们是以植物性为主的杂食性动物（邹淑全等，1990）。昆明动物园于1987年从云南中甸县引进一对，雄猴为亚成体，经过几年饲养，于1991年1月，繁殖成功，产下一只雌性幼仔，这是迄今人工繁殖的第一例。现有保护措施 滇金丝猴仅产于我国滇西北极狭窄的一个区域，十分珍贵，已被列为国家I级重点保护动物。并在横断山脉南段滇金丝猴分布区域内，建立了高黎贡山（1986）、怒江（1986）、药山（1984）、哀牢山（1988）、哈巴雪山（1984）、白马雪山（1988）等6个自然保护区，以及西藏芒康日喀则（1990）自然保护区，面积达74万多公顷。自然保护区建立后，区内滥猎现象有所制止，但盗猎现象，尤以保护区外仍然时有发生。同时保护区的管理仍很混乱，业务不熟和资金不足，尚需健全和加强。保护措施建议 在滇金丝猴分布区内，组织一次大规模的保护野生动物的宣传教育活动。加强职能部门和保护区的领导，认真进行科学管理。在保护区内外可组织乡民进行保护、巡逻。凡是有金丝猴分布的，应进行保护，建立家域保护地，并恢复其家域间的自然连接，以利社群的交换。对猎人和猎枪进行管理。加强其生态学的研究，并监视其种群发展，以利科学管理。滇金丝猴仅发现于从云南西北部到西藏西南部的狭长山脉地带，保护好它的生存环境是关键。发展圈养繁殖计划需慎重，否则将可能适得其反，在一定程度上加剧了对该种野生种群的威胁和灭绝危机。
076-斑灵狸,http://localhost:8000/info/static/animals/076-斑灵狸.txt,《斑灵狸》,斑灵狸,哺乳纲,食肉目,灵猫科,体形较小，身长37―38厘米，尾长31―34厘米，体重400―600克。毛被短而致密，很柔软。全身黄褐色，体背有棕黑色大小不一的圆斑。颈背有两条黑色颈纹。面部无斑纹，圆柱形的长尾具9―11暗色环。尾尖淡白色。前足4趾均具爪鞘保护能伸缩的爪。牙齿侧扁、锐利。毛被的针毛少，此二特点颇似猫类。,夜行性单独活动，既在地面活动，亦常上树扑食。以小鸟、鼠类、蛙类和昆虫为主，亦有时潜入树寨盗食家禽。甚至捕食家鼠。产仔期在每年4―5月。数量不多。,身长37―38厘米，尾长31―34厘米,斑灵狸多生活在较高山区，海拔2000米左右的阔叶林或灌丛,广东，广西，四川，贵州，云南,,,斑灵狸为亚热带高山地区的灵猫，形态上又类似猫类。具有学术价值，应注意和加强研究。
077-海马,http://localhost:8000/info/static/animals/077-海马.txt,《海马》,海马,硬骨鱼纲,刺鱼目,海龙科,背鳍16―17；臀鳍4；胸鳍11―12。体环11+39。体长4．6―92．5毫米。体长为体高5．1一10．5倍，为头长4．2―7．8倍。头长为吻长2．4―2．9倍，为眼径5．5―6．1倍，为眼间隔5．5―7．7倍。体侧扁，腹部凸出。尾部四棱形，以后渐细。头侧扁，和体轴成直角。吻很短，不及眼径的2倍。眼中等大，侧上位。鼻孔很小，紧位于两眼的前缘。口小，前位。小冠隆起不高，上无小突起。鳃盖骨凸出。鳃孔很小，位于鳃盖后上方。背鳍一个，无鳍棘，位于最后二体环及第一尾环上。臀鳍极小，紧位于肛门后。胸鳍短，位于鳃盖后方。无腹鳍及尾鳍。体灰褐色。,为近海习见小鱼，作直立游泳，能用尾部郧，握附海藻等上,体长4．6―92．5毫米,,各海区,,濒危,中医作药用
078-座头鲸,http://localhost:8000/info/static/animals/078-座头鲸.txt,《座头鲸》,座头鲸,哺乳纲,鲸目,须鲸科,体重25~35吨。背鳍较小，鳍肢长约为体长的1/3，为鲸类中长“脚”者；鳍肢前缘具不规则的瘤状突起；尾鳍宽大，外缘呈不规则钳齿状；脸面褶沟较少，约14~35条；背部黑色，有斑纹；鳍肢上方白色，尾鳍腹面白色，边缘黑色。口大，进食时上下颌间的特殊韧带可使口张开至90度。鲸须每侧270~400片，须板和须毛皆黑灰色。,多成对活动，性情温顺；每年进行有规律的南北洄游。主食小甲壳类和小型鱼类。冬季繁殖，雌兽每2年生育1次，孕期约10个月，每胎产1仔；寿命为60~70年。,成体体长12~15 m，雌性较雄性略大，最大记录雌性18 m，,太平洋、大西洋及世界其它各海洋。,黄海，东海，福建，南海，广东，海南，台湾,,,
079-沙漠蝗,http://localhost:8000/info/static/animals/079-沙漠蝗.txt,《沙漠蝗》,沙漠蝗,直翅目,蝗总科,,雄性 体型粗大。头短于前胸背板。颜面侧观近垂直或略后倾，颜面隆起在中单眼之上的宽度较中单眼之下为宽，两侧缘不平行。头顶短，略凹陷。复眼大，卵形。触角到达或超过前胸背板的后缘。前胸背板沟前区在群居型甚缩狭，具小刻点，中隆线不明显，后缘呈宽圆形；而散居型沟前区略缩狭具粗刻点，中隆线明显，后缘近90°，略圆。前胸腹板突圆锥状，直或微后倾。中胸腹板侧叶狭长，后角明显向内突出成锐角；侧叶间之中隔呈梯形，中隔的长度明显大于其最狭处。后胸腹板侧叶略分开或毗连。前、后翅狭长，明显超过后足股节的端部，长约为宽的5～5．5倍。后足股节很细长，股节的长度5～5．6倍于其宽度。后足胫节无外端刺，外缘具刺9～10个，内缘具刺10～11个。肛上板长三角形，侧缘呈波浪状弯曲，后角明显突出。尾须从侧面观，基部宽，端部略缩狭，到达肛上板的顶端。下生殖板短锥状，顶端具三角形凹口，呈两叶片状。雌性 近似雄性。产卵瓣 短，较尖，上产卵瓣 的上外缘具细齿。体色：群居型体呈淡玫瑰色，逐渐过渡为褐红色，性成熟期呈鲜黄色；散居型淡灰色，性成熟期呈灰黄色或灰色。头部白头顶到后头具明显的淡色条纹，此条纹延伸到前胸背板的后缘。前胸背板两侧具暗色纵条纹。前翅具许多黑褐色斑点，后翅淡色。后足股节内侧黄色，上膝侧片褐色，下膝侧片黄色，后足股节黄色。,以成虫越冬，有群居和散居两种类型，严重危害各种栽培作物，如棉花，苜蓿，各种豆麦、小麦、大麦、玉米、亚麻、烟草、番茄、马铃薯、瓜类(甜瓜、西瓜、黄瓜等)。野生植物中特别喜食一种骆驼刺和其他唇形花科以及野生和栽培的木本植物，如葡萄、伏牛花、杏树，西洋樱属、扁桃、桑树、柑橘、海枣，无花果，石榴、木瓜和其他树木。(Mistshenko，1952)沙漠蝗的自然天敌有：寄生蝇、拟麻蝇、食虫虻、胡蜂、蚂蚁以及螳螂、蜘蛛、蜥蜴、燕雀类、乌鸦、蛇、蛙、蟾蜍等(Mistshenko．1952)。,体长：♂45．8～55．3mm，♀50．7～61．0mm；前胸背板：♂7．3～10．5mm，♀9．4～12．4mm；前翅：♂44．6～60．5mm，♀52．9～63．8mm；后足股节：♂20．7～24．5mm，♀21．8～31．6mm。,,云南，西藏,印度，巴基斯坦，阿富汗，斯里兰卡，前苏联，非洲,,
080-长吻海蛇,http://localhost:8000/info/static/animals/080-长吻海蛇.txt,《长吻海蛇》,长吻海蛇,爬行纲,有鳞目 蛇亚目,,鉴别特征 头狭长，吻长；体短而极侧扁；体背棕黑色，腹土黄色，二色在体侧截然分开。描述依据标本 山东青岛1雌，福建连江、平潭2雌，广东甲子与海南莺歌海15雄8雌1幼，共15雄11雌1幼。形态描述 体短，极侧扁。。头背黑色，可有黄斑，唇缘黄色；体背棕黑色或黑色，腹土黄色，二色在体侧截然分开；尾端全黑，尾部可有5―10块黑斑，黑斑或相连呈波状斑纹，或不规则。头长而窄，明显地大于宽，吻长；体极侧扁；体最大直径不到颈径的2倍。眶前鳞1，偶为2；眶后鳞2，偶为1；前颞鳞2―3，偶为4，后颞鳞3 (4)，偶为2；上唇鳞8―9，偶为7，10，11，3（4）― 1― 4（5）式，第2枚上唇鳞与前额鳞相切，有7号标本的上唇鳞不入眶，其第4、5枚上唇鳞位于眼正下方，其间隔以眶下鳞；下唇鳞10―13，多数11―12，第5―6枚较大。颔片3对，左右间隔一列小鳞，第三对颔片常不显。颈部体鳞雄性34―50行，中段43―50行，肛前34―52行；雌性颈部40―52行，中段41―63行，肛前39―48行，六角形或近方形，镶嵌排列。背部体鳞平滑，体侧者具一短棱，最下几行体鳞具2―3个小短棱，成年雄性棱较强；腹鳞基本清晰，一般具一纵沟，有的腹鳞分化不明显，与体鳞不易区别，雄性腹鳞306―431，平均342，尾下鳞41―64，平均54，雌性腹鳞293―426，平均367，尾下鳞51―66，平均56，肛前鳞大小适中。1973年青岛水族馆于馆前海滩上捕获一条雌性标本，全长〔714(644+70)〕mm。 1973 年10月于海南莺歌海捕获一号幼体标本，全长〔250 (220+30)〕mm，色彩鲜明，在肛前53―57鳞处有“脐孔”。,吃各种小型鱼类，也吃甲壳动物。能远离海岸，是典型的生活于大洋区的种类。解剖春末夏初采于广东甲子渔港的雌、雄标本。见雌性标本743065号左侧卵巢有卵三枚，卵径（mm）26.5×11，28×11，14×9，右侧二枚，卵径（mm）22×10，28×110 743051号左侧卵巢有卵一枚，卵径23mm×l lmm，右侧四枚，卵径（mm）分别为23×12，23×11，24×11，27×11。雄性标本743052号左侧精巢（mm) 23×3，右侧35×3；743053号左侧18×2，右侧14×3，均细长，灰白色。,一般全长700mm左右。最大全长雄性〔668 (605+63)〕mm（广东甲子），雌性〔778 (680+98)〕mm（广东甲子）,,浙江，福建，台湾，山东，广东，海南,印度洋，太平洋，非洲，日本，澳大利亚，塔斯马尼亚,,可浸制药酒。
081-塔里木兔,http://localhost:8000/info/static/animals/081-塔里木兔.txt,《塔里木兔》,塔里木兔,哺乳纲,兔形目,兔科,塔里木兔（Lepus yarkandensis）又叫南疆兔、莎车兔。体形较小，毛色较浅[1]，耳朵较大，耳尖不呈黑色，是它与雪兔最明显的区别。整体毛色与栖息环境非常接近；听觉器官非常发达，耳长达10厘米，超过其他兔类。,塔里木兔又叫南疆兔、莎车兔，体形较小，毛色较浅，体长为29~43厘米，尾长6~11厘米，体重1.2~1.6千克。利用长耳壳可接收到较远距离的微弱音响，及时发现并逃脱天敌。体毛短而直[2]，冬季的毛色非常浅，从头部、背部至尾巴的背面均为浅沙棕色。夏季背部为沙褐色，杂以灰黑色的细斑，体侧为沙黄色，颏、喉及腹部为白色。头部和颜面的颜色与背部相同，两颊较为浅淡，眼周色深，呈深沙褐色。颈部下面有沙黄色的横带。尾巴的背面的颜色与背部相同，腹面呈白色。冬季的毛色非常浅，从头部、背部至尾巴的背面均为浅沙棕色。雌兽有3对乳头，2对在胸部，1对在腹部。,体长为29~43厘米,塔里木兔是塔里木盆地的特有种，也是塔里木古陆块的残存种类,新疆,,易危,保护措施：现有保护措施1988年中国政府公布的《国家重点保护野生动物名录》已将塔里木兔划为Ⅱ级保护动物。保护措施建议 野免皮是当地土产之一，每年冬季在产区可见到被猎杀的野兔在市场上出售。由于塔里木兔系中国特有种，分布范围有限，又具有一定的科研价值，因此，应对其种群现状及生态生物学问题进行调查研究，为今后的科学管理与合理利用提供理论依据。
082-椰子狸,http://localhost:8000/info/static/animals/082-椰子狸.txt,《椰子狸》,椰子狸,哺乳纲,袋狸目,,体型略似小灵猫，但较细长，体重一般约2-3kg。吻较短，尾较长，约等于或大于体长。体背有5条显著的黑色纵条纹，体侧有黑斑点，故有花果狸的别称。肛门腺不如小灵猫的发达。头颈和尾部大都为黑褐色，头部有额、吻、眼等斑纹，白色或黑褐色，斑点大小，色泽深浅随不同亚种或个体年龄有差异，从鼻端到后头有一条白色纵纹。体背除纵纹外，余多为棕黄色，腹部浅黄，足与尾同色，尾不具大小灵猫那样的圈纹。,为热带地区较典型的林栖动物之一。常与果子狸、鼯鼠、巨松鼠、长臂猿等在同一环境中栖息。在藤葛攀附的深山密林，长年有多种野果，又有古木树洞等荫蔽条件，便是它所喜好的栖息地。深居简出，喜游荡憩息于山野或有茂密枝桠的横木上，很少到村落居民区或农耕区。主要晚上活动，冬时偶也日间出没，多在树上憩息或攀爬，是灵猫科中较好适应树栖的一种。多住树洞，主食野果。,,,海南，广西，四川，贵州，广东，云南,南亚，东南亚,,
083-狐红切叶蜂,http://localhost:8000/info/static/animals/083-狐红切叶蜂.txt,《狐红切叶蜂》,狐红切叶蜂,昆虫纲,膜翅目,切叶蜂科,雌：13．5 mm。体黑色，密被狐红色毛。上颚4齿，表面具大的光滑脊；唇基端缘直，表面刻点密，中央稀；颊刻点较唇基小而密。翅浅黄色；翅基片及翅脉均黄褐色；距黄褐色。颜面及颊密被黑毛；胸部密被狐红色长毛；腹部第1～4节背板被狐红色长毛，尤以端半部密，形成第1～4节宽毛带；第5节背板被黑褐色较短的毛；腹毛刷狐红色；足毛黑色，仅基跗节内侧被狐红色硬毛。,,雌：13．5 mm。,,内蒙古,,,
084-镇海棘螈,http://localhost:8000/info/static/animals/084-镇海棘螈.txt,《镇海棘螈》,镇海棘螈,两栖纲,有尾目,蝾螈科,镇海棘螈（学名：Echinotriton chinhaiensis）为蝾螈科棘螈属的两栖动物，是中国的特有物种，无亚种。分布于浙江等地，一般栖息于沿海丘陵地区山脚旁以及阴暗潮湿土质松软的泥土或石隙中。其生存的海拔范围为100至200米。该物种的模式产地在浙江镇海城湾。,镇海棘螈，雄螈全长109毫米～139毫米，雌螈124毫米～151毫米。背和体侧均呈黑色，有蜡光，腹部朱红色，有不规则的黑斑，头部大，头两侧脊棱不发达，无唇褶，嘴角后方有三角形突起，犁骨齿列“＾”形。四肢细长，指4，趾5。尾侧扁、短弱，显著短于头体长。镇海棘螈身体扁而宽，皮肤粗糙，全身布满大小不一的突粒。这些突粒看似平常，其实是腺体，主要作用是湿润皮肤，再就是分泌性激素，吸引异性。除口部、耳部、尾腹部呈桔红色外，通体均为棕黑色。 [1-2]  颈褶不显，体背面满布大小疣粒左右体色棕黑，仅嘴角的侧突、趾和趾端、尾腹鳍褶为橘黄色。,雄螈全长109毫米～139毫米，雌螈124毫米～151毫米,镇海棘螈生活于海拔100-200米的丘陵地区，常年在溪流边栖息。[1-2]所在环境植被茂密，永久性水塘较多，附近有石穴和土洞。,浙江,,极危,蔡春抹和费梁采到标本后，在1984年以瑞岩寺附近标本指定了新模，并进行了详细地描述，研究结果印证了对镇海棘螈属于棘螈属的推测。鉴于镇海棘螈分布区狭窄，文献记载50年间共计发现50尾，经科学院专家提议，经过中国科学院成都生物研究所等科研单位专家的长期观测，发现镇海棘螈其种群数量比大熊猫还少，但就物种的存在价值和它在动物演化中的研究意义则是相同的。棘螈属是蝾螈科中典型孓遗类群，该属现存2种，分别在中国的北仑和日本的琉球群岛，彼此相隔海域。根据两个种的外形和骨骼特征以及地理分布现状，在研究蝾螈科动物的系统发育关系、动物区系和地理区划、物种演化和形成等方面均有较大价值。
085-贵州疣螈,http://localhost:8000/info/static/animals/085-贵州疣螈.txt,《贵州疣螈》,贵州疣螈,两栖纲,有尾目,蝾螈科,贵州疣螈（学名：Tylototriton kweichowensis），两栖类动物，蝾螈科疣螈属，中国特有种。贵州疣螈体长16―21厘米，尾长6―9厘米。体形和体表色斑与细痣疣螈相似，生活在高山小流溪附近。一般夜晚取食昆虫及其他小型动物（蛞蝓、小螺、蚌和蝌蚪等）为食。主要分布在贵州，云南，国家二级重点保护动物，频危。,贵州疣螈体长16―21厘米，尾长6―9厘米。体形和体表色斑与细痣疣螈相似，但背嵴棱及体侧疣粒是红色的，体侧还具有连续的红色纵线。背脊、头后侧及指、趾端为桔红色。体长16―21厘米。体形粗壮；头部扁平、顶部有凹陷，宽略大于长；吻短，吻端钝圆，突出于下唇，头两侧有显著的骨质棱脊，吻端的联结处略有凹陷；鼻孔较小，位于吻前端，颊部略向外倾斜，眼中等大，位于头侧，口角位于眼后角后下方，犁骨齿“八”形；舌略呈长椭圆形，约占口腔底部的一半，前后端与口腔底粘连，两侧略游离。四肢粗短，前后肢几等长，前肢贴体向前时，指端可超过鼻孔，达到吻端，前后肢贴体相对时，指、趾末端相遇；指、趾端钝圆，前肢4指，指长顺序为3、2、4、1，其中1、4指几等长。后肢5趾，趾长顺序为3、4、2、5、1，基部均无蹼。尾长短于头体长，尾基椭圆形向后渐侧扁，尾中段比前后段较高；肛孔纵裂。皮肤粗糙，头背、体躯及尾部有各种大小不一的疣粒。体侧延至尾前段各有一系列略呈方形密集的瘰疣，连续隆起成纵行。腹面较光滑，细皱纹间有小疣粒。头背部及体腹部深黑褐色，吻及上下唇缘色较浅；颈后土黄色，背脊部及体两侧沿瘰疣部位有三条土黄色宽纵纹，在尾基部会合，整个尾部土黄色；体侧腋至胯部或多或少有土黄色斑纹；指趾端的背腹面生活时为桔红色。雄性第二性征表现在肛部呈丘状隆起，隆起处大而短，肛孔纵裂较长，肛裂内壁有乳头状突起。雌性肛部隆起小而高，肛裂短或略呈圆形，其内壁无乳突。卵为圆形，卵径2毫米，动物极为棕黑色，植物极为灰白色。卵胶膜白色透明，具有弹性。幼体头扁平，眼大，上唇褶发达，其两侧盖于下唇褶，背鳍褶宽，起于近头部。往体后逐渐加宽，至尾中段最宽；尾长9毫米，肋沟16条；有三对显著的外鳃，色较深，最长鳃丝达第五肋沟。头和体背面黄褐色，腹面黄白色，体背及背鳍褶上有黑褐色斑点。体长67毫米，尾长31毫米时的次成体已像成体，体背面有小疣粒，外鳃萎缩，仅留鳃迹；颈褶显著，躯干部的背鳍褶已消失，只在尾基部有之；肛部已呈隆起状；体背有三条浅黄色纵线，体躯背腹面褐色，指、趾端及尾部浅黄色。（右图册 [1-2]  ）,体长16―21厘米，尾长6―9厘米,贵州疣螈多生活在海拔1800～2300米山区的小水圹、缓流小溪流、小水塘及其附近，周围有杂草或矮灌木，溪底有淤泥或碎石细沙，水域岸边有阴湿草坡、多石缝、土洞。水中多藻类与水生植物，水深1米以下,贵州，云南,,易危,致危因素：①环境破坏及污染 乡镇企业蓬勃兴起，因烧砖或提炼铅锌矿，贵州疣螈的生存环境遭到严重破坏与污染，成螈因栖息地毁灭而丧失生存场所，卵与幼螈因环境污染而不能发育。 [3] ②人为捕捉 ：人类盲目的认为贵州疣螈可以治病，大量捕捉，导致数量减少。 [3] ③天敌 ：剖胃检查贵州当地蛇种，发现胃内容物有贵州疣螈的有王锦蛇、玉斑锦蛇、黑眉锦蛇与锈链腹链蛇等，它们以疣螈为食物，对疣螈数量造成极大威胁。 [3] 保护级别：中国国家二级保护动物。 [7] 濒危状况：中国物种红色名录：VU，IUCN红色名录：VU(2004)。 [1] 管理规定：加强宣传教育，严禁捕捉成螈。加强对乡镇企业的管理，尽量减少对环境的破坏与污染。在主要产区建立以贵州疣螈为主要保护对象的自然保护区。 [8]  地方主管部门核发驯养繁殖许可证、经营利用许可证、配额、标识。 [1]
086-秃鹫,http://localhost:8000/info/static/animals/086-秃鹫.txt,《秃鹫》,秃鹫,鸟纲,隼形目,鹰科,秃鹫（学名：Aegypius monachus）：是鸟纲、隼形目、鹰科的大型猛禽，体长108-120厘米。通体黑褐色，头裸出，仅被有短的黑褐色绒羽，后颈完全裸出无羽，颈基部被有长的黑色或淡褐白色羽簇形成的皱翎。幼鸟比成鸟体色淡，头更裸露，亦容易识别。,秃鹫体形大，是高原上体格最大的猛禽，它张开两只翅膀后翼展大约有2米多长，0.6米宽（大者可达3米以上）。成年秃鹫额至后枕被有暗褐色绒羽，后头较长而致密，羽色亦较淡，头侧、颊、耳区具稀疏的黑褐色毛状短羽，眼先被有黑褐色纤羽，后颈上部赤裸无羽，铅蓝色，颈基部具长的淡褐色至暗褐色羽簇形成的皱翎，有的皱翎缀有白色。裸露的头能非常方便地伸进尸体的腹腔；秃鹫脖子的基部长了一圈比较长的羽毛，它像人的餐巾一样，可以防止食尸时弄脏身上的羽毛。上体自背至尾上覆羽暗褐色，尾略呈楔形，暗褐色，羽轴黑色，初级飞羽黑褐色，具金属光泽，翅上覆羽和其余飞羽暗褐色。下体暗褐色，前胸密被以黑褐色毛状绒羽，两侧各具一束蓬松的矛状长羽，腹缀有淡色纵纹，肛周及尾下覆羽淡灰褐色或褐白色，覆腿羽暗褐色至黑褐色。嘴强大，由于食尸的需要，它那带钩的嘴变得十分厉害，可以轻而易举地啄破和撕开坚韧的牛皮，拖出沉重的内脏；鼻也圆形。幼鸟和成鸟基本相似，但体色较暗，头更较裸露。 [4] 虹膜褐色，嘴端黑褐色，腊膜铝蓝色，跗跖和趾灰色，爪黑色。,体长1100-1150毫米,主要栖息于低山丘陵和高山荒原与森林中的荒岩草地、山谷溪流和林缘地带，常单独活动，偶尔也成小群，特别在食物丰富的地方,新疆，青海，甘肃，宁夏，内蒙，四川,非洲，欧洲，西班牙，法国南部，罗马尼亚，巴尔干半岛，小亚细亚，阿拉伯，中亚，伊朗，阿富汗，喜马拉雅，印度，蒙古，土库曼斯坦，塔吉克斯坦，阿尔泰，西伯利亚,近危,种群现状：在世界范围 ，秃鹫的种群数量明显在减少，在欧洲不少地方，秃鹫已经消失，其全球数量估计有7，200-10，000对，大致等同于14，000-20，000成熟个体。这包括欧洲1，700-1，900对和亚洲5，500-8，000对（2004年）。在韩国的数量估计为c.50-10，000越冬（2009年）。估计大约相当于总量为21，000-30，000个。在西班牙仅有大约365对，土耳其约100对。 [8]
087-顶斑棱,http://localhost:8000/info/static/animals/087-顶斑棱.txt,《顶斑棱》,顶斑棱,硬骨鱼纲,鲟形目,科,形态背鳍I，13；臀鳍34―37；胸鳍11―12；腹鳍7。纵列鳞38―42；横列鳞10。体长为体高的3.58―3.89倍，为头长的4.04―4.51倍。头长为吻长的5.75―6.66倍，为眼径的4.33―4.8倍，为眼间隔的3.66―4.57倍。体窄长而侧扁，似梳状。头中等大，前端钝。吻短。眼侧前位。眼间隔略凸。鼻孔距眼前缘较距吻端为近。口大，口裂向后下方微倾斜。上颌长于下颌。上颌骨延长，向后几乎伸达胸鳍末端，下颌骨长仅为上颌骨长之半。两颌、犁骨、腭骨、翼骨和舌上均有小细齿。鳃盖骨光滑。鳃孔向下延至头腹面的前方。鳃孔大。假鳃不明显。鳃耙长于鳃丝，鳃耙14+16。鳃盖膜彼此连接而不与峡部相连。鳃盖条12。体被圆鳞，易脱落。鳞片上有8―12条横沟线，其中间大多数相连。背鳍的前方有一小刺。胸鳍和腹鳍的基部有腋鳞。腹缘棱鳞15+8―9。无侧线。肛门位于背鳍的下方，靠近臀鳍。背鳍起点距吻端较距尾鳍基为近。臀鳍始于背鳍的后下方，其基部较长。胸鳍向后伸达腹鳍起点，其长约等于自瞳孔中间至鳃盖后缘间距离。腹鳍始于背鳍的前下方，起点距鳃盖后缘较距臀鳍起点近，其末端向后伸至背鳍的下方。尾鳍叉形，其长短于头长。体背部青绿色。两侧和腹部银白色。头顶后方有鞍状的绿色斑。背鳍和尾鳍为淡黄色，其它各鳍为白色。,,一般体长90―100mm，长者可达140mm,生活于浅海，为小型的食用鱼，产量少。,福建，海南,菲律宾，日本，印度,,
088-黑嘴松鸡,http://localhost:8000/info/static/animals/088-黑嘴松鸡.txt,《黑嘴松鸡》,黑嘴松鸡,鸟纲,鸡形目,松鸡科,黑嘴松鸡，是松鸡科松鸡属动物,黑嘴松鸡体长47-95厘米，体重1750-4000克。雄鸟和雌鸟的嘴、脚和趾都是黑色，虹膜是肉桂色，但羽色差别较大。雄鸟的羽色是黑褐色，头、颈部都有青紫色的金属光泽，胸部则闪着绿色的光辉，肩、翼上有大块白斑。黑色的尾羽呈楔状，末端镶了个白色的边儿，很有特色。雌鸟的羽毛大多是锈棕色，上面杂有黑褐色的横斑和灰白色的羽缘，并闪烁着蓝色的光泽。雌雄鸡两性的肩、翅、下腹和尾的上、下覆羽上都有白色的端斑。 [2] 体型似家鸡。雄性在头颈部有青紫色闪光。肩部、初级飞羽，以及翅和尾上的一些覆羽尖端部分为鲜白色；尾长大，其长度略短于翅长，外形似楔状；下体黑褐色，杂以白斑，尾下覆羽的尖端有宽达2-2.5厘米的白色端斑。雌性上体大致为棕色，但具黑褐色闪蓝光的横纹，在头顶上又常形成圆点状；尾及尾上覆羽黑褐色，有红棕色细纹；翅及尾上的覆羽也有白色端斑。两性的嘴均黑褐色。脚与趾黑色。在两眼的上方有红色裸皮。,体长860-910毫米,黑嘴松鸡是典型的针叶林鸟类，大多在海拔500米左右的低山丘陵的落叶松、冷杉、云杉、樟子松和红松等针叶林的林中空地、林缘和河谷地带活动，尤其是林下草本植物、幼树和灌木较好的地带，但不喜欢特别茂密的林地，也不在阔叶林中,东北，辽宁，河北,蒙古，俄罗斯联邦,无危,种群现状：黑嘴松鸡在中国境内的两个主要栖息地，小兴安岭和阿尔山地区的种群也已处于灭绝的边缘，河北也不再能见到越冬的个体。即使是种群数量最多的大兴安岭地区，下降的速度也非常之快，由于1987年5-6月发生了历史上罕见的特大森林火灾，烧毁了大片原始森林，过火总面积达133万平方米，使黑嘴松鸡的种群密度急剧下降，处境非常严峻。黑嘴松鸡繁殖期较早，5月初大兴安岭冰雪刚刚融化，它已开始筑巢产卵，以孵化率很低。据调查，在得到3窝共计23枚卵中，仅孵出了3只雏鸡。卵受精较低，16枚卵中受精卵仅3枚。孵化率低可能与产卵和孵卵时气温较低有关，此不时下雪，地表刚融化，地下5厘米以下仍未解冻，夜间温度较低（-6至-1℃）。森林不断被砍伐，使其赖以生存的栖息环境遭到破坏以及乱捕滥猎，是使其致危的主要因素。 [1]
089-花貂祝蛾,http://localhost:8000/info/static/animals/089-花貂祝蛾.txt,《花貂祝蛾》,花貂祝蛾,,,,触角黄白色。下唇须内侧黄白色，外侧浅黄褐色。头部灰白色，肩板和胸部浅蓝紫色。前翅灰褐色，但基部2／5浅紫色，其外缘白色；中室端斑小，紫褐色，外横线较明显，白色；缘毛褐色，基线灰白色。后翅灰褐色，缘毛浅灰色。♀外生殖器(图版XXVI-9) 表皮突短，第8腹板后缘具方形的深缺刻，导管端片明显，囊导管长，简单，囊体大，囊突桃形，横置，中央有一条宽横槽，周缘具细锯齿。,本种色浅而翅基部具宽大的花纹可与本属已知各种相区别。翅展16―17mm。触角黄白色。下唇须内侧黄白色，外侧浅黄褐色。头部灰白色，肩板和胸部浅蓝紫色。前翅灰褐色，但基部2／5浅紫色，其外缘白色；中室端斑小，紫褐色，外横线较明显，白色；缘毛褐色，基线灰白色。后翅灰褐色，缘毛浅灰色。,翅展16―17mm,,四川,,,
090-棕熊,http://localhost:8000/info/static/animals/090-棕熊.txt,《棕熊》,棕熊,哺乳纲,食肉目,熊科,体形大，体长约1．8米一2米，肩高1米。体重达200公斤左右。尾短，头圆而宽，吻长，肩部隆起，四肢粗壮具5趾。前足爪较后足爪长。前肢腕部肉垫细小，后肢部肉垫宽厚，并在其内侧具有距毛。全身为棕黑色，头部较浅，稍带褐色。腹面毛色比背部浅暗。四肢黑色。有些幼兽有一白色环自胸部向上延伸至颈背。,有冬季睡眠习性，冬季睡眠期由10月至翌年春天，在这期间偶亦见其活动。食性杂，多以野菜及野果、植物幼嫩部分为食。最爱食蜂蜜，亦食鸟、小兽及昆虫。多在白天活动，视觉弱，嗅觉灵敏，能爬树和游泳。除夏季配偶期外，雌雄各自独居。每胎产仔1―2只，妊娠期约半年左右,体长约1．8米一2米,栖于森林，夏天喜在高山密林中活动。,黑龙江，吉林，内蒙，山西，河北，陕西，四川，新疆，青海，甘肃,,濒危,
091-中华鲟,http://localhost:8000/info/static/animals/091-中华鲟.txt,《中华鲟》,中华鲟,硬骨鱼纲,鲟形目,鲟科,体长梭形，胸腹部平坦，尾部细。头呈三角形。吻尖长，微上翘。口下位，横裂，能自由伸缩。唇具乳突。吻腹面横行排列须2对。眼甚小。鼻孔大。鳃孔大，鳃弓肥厚，鳃耙呈棒状，排列稀疏。体具骨板状硬鳞5行，背行大，鳞间皮肤光滑。背鳍位后；胸鳍发达，位近腹面；尾鳍歪形，甚发达，上叶长。鳔大，一室。头部及体背侧青灰或带褪色，腹面灰白，鳍灰色。体长形，两端尖细，背部狭，腹部平直。头呈长三角形。吻尖长。鼻孔大，两鼻孔位眼前方。喷水孔裂缝状。眼小，椭圆形，位于头后半部。眼间隔宽。口下位，横裂，凸出，能伸缩。唇不发达，有细小乳突。口吻部中央有2对须，呈弓形排列，其长短于须基距口前缘的1/2，外侧须不达口角。鳃裂大，假鳃发达。鳃耙稀疏，短粗棒状。背鳍1个，后位，后缘凹形，起点在臀鳍之前。臀鳍与背鳍相对，在背鳍中部下方。腹鳍小，长方形，位体中央后下方，近于臀鳍。胸鳍发达，椭圆形，位低。尾鳍歪形，上叶特别发达，尾鳍上缘有1纵行棘状鳞。幼鱼体表光滑，成鱼体表粗糙。具5纵行骨板。背部正中1行较大，背鳍前有8―14块，背鳍后有1―2块；体侧骨板29―43块；腹侧骨板13―17块；臀鳍前后各有1―2块。成熟鱼额、顶骨在背中线上彼此不紧接，留下长形的额、顶骨间缝（或间孔），可见到下面的软骨脑颅。脊椎结构上，只有9枚左右完整的壳状椎体，在两枚基背片之间有2―4枚间背片。尿殖管结构上，中华鲟内输卵管较短，雄体的内输卵管末端封闭，不具内输卵管盲管。体色在侧骨板以上为青灰、灰褐或灰黄色，侧骨板以下逐步由浅灰过渡到黄白色；腹部为乳白色。各鳍呈灰色而有浅边。,习性 生活在大江和近海中，为底性、洄游或半洄游性鱼类。5―6月群集于河口，秋季上溯到江的上游。以摇蚊和水生昆虫幼虫、软体动物、小鱼等为主要食物。常见个体50―300kg，最大个体可达600kg。生长较快，但性成熟较晚。生命周期较长，最长寿命可达40龄。通常产卵群体中，雄鱼年龄组为9―22龄、体长为1.7―2.4m、体重为40―125kg；雌鱼年龄组为16―20龄、体长为2.4―3.1m、体重为172―300kg。怀卵量大，个体绝对怀卵量达30.6万―130.3万粒，平均为64.5万粒。9―11月份至江上游产卵。产卵期需在水温18.0―20.5℃、含沙量0.715―0.915kg/m3、流速为2.2―2.6m/s、透明度为4―6cm、pH8、溶氧量9.2ml/L、水深5―19.8m的河流。在长江比较集中的产卵场是在金沙江的宜宾―屏山地段。属一次排卵类型。产粘着性沉性卵，卵粘在石砾上孵化。成熟卵椭圆形、绿褐色。卵径约3.6mm。受精卵在水温17―18℃时经123―140小时可孵出仔鱼。产卵后亲鱼多数迅速离开产卵场至下游和河口区栖息。,体长为1.7―2.4m,,黄海，海南，广西,朝鲜，日本,濒危,经济意义 为大型经济鱼类，肉和卵都可食用。脂肪蛋白含量均高。鳔和脊索可制胶，鱼鳍和鱼唇也多胶质。此外还有极高的学术价值，因为它是白垩纪残留下来的种类，为我国特有种，已被我国列为一类野生动物保护物种。为了保护此物种，有关部门进行了多年的繁殖、移养、放流等的研究。现已可移养到池塘、水库中，生长良好，成为一种有前途的淡水养殖鱼类。放流成绩也很可观，至1992年已放流100多万尾，使资源量逐渐增多。
092-大熊猫,http://localhost:8000/info/static/animals/092-大熊猫.txt,《大熊猫》,大熊猫,哺乳纲,食肉目,熊科,大熊猫体型肥硕似熊，但头圆尾短，头部和身体毛色黑白相间分明。,大熊猫栖长江上游各山系的高山深谷，为东南季风的迎风面，气候温凉潮湿，其湿度常在80%以上，故它们是一种喜湿性动物。它们活动的区域多在坳沟、山腹洼地、河谷阶地等，一般在20°以下的缓坡地形。这些地方土质肥厚，森林茂盛，箭竹生长良好，构成为一个气温相对较为稳定，隐蔽条件良好，食物资源和水源都很丰富的优良食物基地。除发情期外，常过着独栖生活，昼夜兼行。巢域面积为3.9-6.4km2不定，个体之间巢域有重叠现象，雄体的巢域略大于雌体。雌体大多数时间仅活动于30-40公顷的核域内，雌体间的核域不重叠（胡锦矗等，1985）。食物主要是高山、亚高山约50种竹类，偶食其它植物，甚至动物尸体。日食量很大，每天还到泉水或溪流饮水。性成熟期是6.5-7.5岁，多于4月发情。一般于当年9月初在古树洞巢内产仔，每胎多产1仔，偶尔也产2仔。幼仔随母体一岁半后才离开母体。野外雌雄性比约为1:1（梁齐慧，1993；魏辅文，1994）。,头躯长1.2-1.8米，尾长10-12厘米,,长江上游，四川,,易危,种群现状 大熊猫分布区域内共有37个县，若按主产、一般和少量等三级划分，主产县每县约有100只左右，共有7个县；一般产县每县约50只以上，共11个县；少产县每县常在50只以下，计有19个县。据此推算，大熊猫野生数量总计约有一千余只，圈养的数量约为100只（AAZPA Communique，1993）。大熊猫的净生殖率为1.0672，种群增长缓慢（四川省珍贵动物资源调查队，1977；毕凤洲等，1989）。致危因素 　 1、森林采伐。大熊猫栖息地每年的采伐面积达到至少1万公顷。其栖息地每年以大约2.5 km2的速度在消失（Kleiman et al，1991）。近30多年来，陕、甘、川三省大熊猫分布区内人口倍增，已达43万余人，大型森工企业自1950-1985年共达27个（不含县属伐木场），采伐的森林核实面积为42万多公顷，年均伐木面积为2万多公顷，致使栖息地由70年代初31，450km2，经过15年后，已锐减至13，921.52km2，减少面积达17528.48km2，占原栖息地的56％，并造成6个伐区内熊猫消失，10个伐区内仅残存极少数熊猫，种群数量急剧下降（胡锦矗，1993）；2、捕捉过多。如在解放前汶川县草坡，英、美等西方国家，在那时收购捕捉活体达20多只(猎杀者在外)，致使那里的大熊猫种群，迄今已逾50余年，数量仍然很少，尚未恢复。又如宝兴县从1963年迄今，仅在一个县内，捕捉的大熊猫就达113只以上。从50年代中期开始，从野外捕捉的熊猫已超过240只到国内外展出，其中又集中在宝兴110余只，平武60余只，致使这两个县种群结构被破坏，数量大幅度下降（胡锦矗，1993）。根据大熊猫生命表分析，它们一个世代约需12年，种群增长很慢，如大量捕捉，即使在保护得好的情况下，也需几十年才能恢复；3、近些年来，盗猎走私大熊猫皮张标本尚时有发生；4、大熊猫种群分布在25个以上岛状隔离的生境中。这些隔离的生境区大小为205km2（30-2384km范围），其中大多数（67％）的面积少于350km2（Kleiman et al.，1991）。这种种群的孤立和分割则是长期威胁其种群的重要因素，小群体的近交衰退现象将降低繁殖力、幼体成活率以及对疾病的抵抗能力。最终\"岛状\"成员将消失。据潘文石等（1988）对秦岭熊猫种群的遗传分析，那里有200余只大熊猫，可构成一个约90只的繁殖群体，其世代杂合率递减率为0.54％，经过12代后即140年后，每个成员都将有1/8的基因相同，相当于表（堂）兄妹的亲缘关系；5、由于人类活动范围扩大，大熊猫被迫退缩于山顶，竹种十分单纯，一遇竹子开花，将无回旋余地，仅1975年岷山地区箭竹开花，死亡达138只以上；80年代邛崃山冷箭竹大面积开花，灾后发现大熊猫尸体108具，抢救无效死亡33只，共计141只（胡锦矗，1993）；6、在大熊猫栖息地存在未经政府允许的矿产开发、污染以及矿工的伐树和捕猎也是威胁之一（Kleiman et al.，1991）。饲养情况　 自1936年人工饲养大熊猫以来，国内外动物园和自然保护区计有57家，所圈养的大熊猫累计已超过260只。目前国内外尚有34家还饲养着的约70余只，加上在圈养繁殖存活至今的52只，国内外共计有120余只。根据国外死去的已知或可推测年龄的27只大熊猫，其平均寿命为8.47岁，比野外自然寿命低3-4岁。从1963年北京动物园繁殖成功以后，到1994年，国内外共有13家动物园及保护区，共繁殖106胎，产仔157只，存活半岁以上仅69只，迄今尚活着的有52只。这些死亡的幼仔，有46只，是由于双胞胎，母体除迄今有5胎双胞胎外，过去39胎 (含上海1967年1胎3仔) 只带1仔而死亡。由于初产缺乏经验，管理不善而被母体压死，或因母体虚弱或人工强制连续多胎，或年老等原因，所产之仔往往十分纤弱，不易存活。饲养繁殖的另一个问题是，一经饲养，仅有30%雌体具有繁殖能力，至于雄体能够交配的更少，约为雄体总数的10%。自1990年以来在成都和北京动物园，通过工人哺育或工人帮助由母体交替哺乳，共育活5胎双胞胎（胡锦矗，1993；冯文和，1994）。现有保护措施　 大熊猫早已被视为\"国宝\"和世界野生动物保护的标志。我国政府十分重视对它的保护，国务院所签发与保护大熊猫有关的文件多达10余件，历来都将它列为国家 I 级重点保护动物。并建立了以保护大熊猫为主的自然保护区就达12个，其中有卧龙、佛坪、白水和唐家河等四个国家级。另外还有四川南坪白河和天全喇叭河等保护区境内也有大熊猫，同样受到了重点保护（毕凤洲，1989；四川省高级人民法院，1992）。1993年四川又批准新建11个以保护大熊猫为主的自然保护区，面积32万多公顷，目前总面积已达1万km2，有大熊猫分布基本上都建立了保护区。同时凡有大熊猫分布的地州县都成立了抢救熊猫领导小组和野生动物保护协会；参加保护大熊猫的干部、工人、科技人员以及巡逻人员(含保护区工作人员)已愈千人；为保护大熊猫国家财政拨款和筹集的资金近几年就达一千万元以上；为制止盗猎走私国家已从法律上采取了严厉措施，违者轻刑15年，重者直至死刑。广播、电视、报刊杂志、文艺等宣传也十分重视，随时都有报道。目前，林业部门在对大熊猫及栖息地进行全面调查和充分论证的基础上，制定了保护大熊猫及其栖息地工程，经国家批准立项实施，期限10年，总投资3亿多元，覆盖川、陕、甘三省37个县，保护面积近 1.8万km2 。旨在完善已建保护区，新建14个，再建17条保护大熊猫走廊带和32个栖息地保护管理站（毕凤洲，1989；范志勇，1993）。以保护大熊猫为主的保护区有尖山、白水江（甘肃），周至、佛坪（陕西），鞍子河、美姑大风顶、喇叭河、蜂桶寨、卧龙、黄龙寺、九寨沟、马边大风顶、唐家河、王朗、小寨子沟（四川）。保护措施建议　 1.作为国宝和世界自然保护的标志，应邀集国内外专家和有关部门对大熊猫保护进行全面评估，打破部门界限，制定全面系统的对策和行动计划，包括就地和易地保护行动。可考虑设立跨部门、跨国界的专家委员会，定期评估规划的实施，及时发现问题，提出改进措施。2.邀请当地社区代表，共同参与制定社区经济和自然保护协调的持续发展规划，保护大熊猫分布区的森林资源，并且促进当地社区经济的持续发展。必须找到满足当地居民发展的需要，又不与保护目标相悖的途径。3.大多数的大熊猫生活在小面积的隔离生境中，其遗传多样性势必衰退。十分必要时，可以考虑人为的种群间个体交换以加强基因的交流。但是在实施前，必需认真论证操作过程的各种因素，严格把关，特别是严防疾病的带入、降低死亡率、对大熊猫种群自然基因结构的干扰等问题。4.杜绝以任何理由继续从野外捕捉大熊猫，特别是不应继续从野外捕捉大熊猫进行人工饲养。不断地将大熊猫从野外转入圈养环境，是对其野生种群的一种威胁。保护的原则首先是就地保护。保护大熊猫的目的和成效应该充分体现在保护大熊猫栖息地森林生态系统的成功与否。5.圈养是保护的一种辅助手段。已经建立的圈养种群应该做到能够自我维持。大熊猫的圈养种群有可能对野生种群生存作补充，但是大熊猫的易地保护应在一定的条件下试行，要经过严格论证，不宜普遍推行，各行其是（胡锦矗，1987，1995）。要完善国际大熊猫谱系，将来的亚种群之间和亚种群之内的繁殖交配个体的选择、交换和补充都要以该谱系提供的个体和遗传信息为基础。6.进一步加强行为生态学、生殖生物学和种群动态的研究，开展分子遗传分析的工作，确定整个大熊猫种群的遗传基础水平。7.大力加强科学管理，提高各保护区管理人员的业务和管理水平。在实施栖息地工程时，应加强大熊猫活动范围内不同地区的森林和竹类动态研究，注意河谷生境的恢复，并营造低山植被和竹林。为大熊猫提供足够的食物资源，使大熊猫恢复垂直季节移动，以渡过严寒冬季。8.提高大熊猫保护的宣传教育水平，通过各种媒介、研讨会、电视专题讨论、动物园或博物馆集会等方式，邀请公众参与，告诉社会公众进展和问题，不但指大熊猫一个物种，也包括它的栖息环境以及整个生态系统保护和持续发展。通过大家讨论大熊猫保护，增强社会公众在生物多样性保护方面的关注和参与。
093-小布氏鲸,http://localhost:8000/info/static/animals/093-小布氏鲸.txt,《小布氏鲸》,小布氏鲸,哺乳纲,鲸目,须鲸科,小布氏鲸的外形与布氏鲸相似，体型比布氏鲸小。1994年12月浙江瑞安县沿岸的张网捕获小布氏鲸1头。体背面暗色，侧面灰色，腹面白色。右侧须板约223块，前1／4部的须板黄白色，后3／4部的须板的内缘小部分为黄白色，其余均呈黑色。,南京师范大学测定了采自浙江省瑞安市的一头须鲸类标本的线粒体DNA细胞色素b(cytochrome b，cyt b)基因369 bp和控制区(control region)933 bp的序列，通过与已发表的须鲸类同源序列比对，发现与西太平洋和日本水域的布氏鲸的cyt b基因和控制区分别有6．78％～7．05％和13．30％～14．40％的序列差异，而与来自所罗门群岛的小布氏鲸之间cyt b基因的序列完全相同，控制区的序列也仅相差1个碱基(0．28％)(杨光等，2002)。此结果提示这个标本属于小布氏鲸。Dizon 等(1998)根据控制区序列的研究，认为几头采自香港和菲律宾的鲸可能为小布氏鲸。,小布氏鲸最小的性成熟体长仅9 m，最大体长只有11．5 m左右。,,东海，浙江，南海，香港,印度洋，太平洋,,
094-蓝胸鹑,http://localhost:8000/info/static/animals/094-蓝胸鹑.txt,《蓝胸鹑》,蓝胸鹑,鸟纲,鸡形目,雉科,蓝胸鹑（学名：Synoicus chinensis）：是雉科蓝胸鹑属的鸟类，体形小于普通鹌鹑，全长12厘米，体重35-48克。在羽色上，雌雄差异很大；雄鸟羽色十分鲜明显耀，喉部中央具一大型黑斑，围以白色；胸部蓝色；腰部至尾下覆羽栗紫色；雌鸟羽色与普通鹌鹑近似。,雄鸟：头顶以至后颈上部暗棕褐色，羽基黑褐色；头顶中央具浅黄色纵纹；额、眼先、眼纹及颈侧均蓝灰色；眼先下有一白纹，后伸至眼；颊纹黑色；在此纹下的颊部白色；后颈下部、肩和背等均暗棕褐色，杂以黑色虫蠹斑及较粗的横斑，背羽常具浅黄近白的羽干纹；尾上覆羽及内侧次级飞羽亦栗褐，杂以黑褐色细斑；大覆羽及内侧次级飞羽的羽端并缀有赤栗色；初级覆羽以及外侧所有飞羽均黄褐色，无斑；尾赤栗色。颏和喉黑色，由其后侧角向上伸出一条黑纹连到耳羽；前颈白色，后围以黑色窄缘；胸部蓝灰色，在中央有赤栗色混入；两胁蓝灰色，稍杂以赤栗色；腹部以至尾下覆羽均为赤栗色；腋羽中等长，略显银灰白色，羽端红色。 [2] 雌鸟：羽色与鹌鹑近似。头顶黑褐色，但范围窄，羽缘黄褐；头顶中央贯以浅黄色纵纹。上背暗棕褐色，具白色羽干纹，羽端具黑斑；下背、肩、腰和尾上覆羽均黑褐色，杂以浅棕褐色横斑，并具宽阔的浅黄色羽干纹。翅上内侧覆羽大都棕褐，杂以黑色横斑，外侧覆羽和飞羽暗褐无斑，最外侧初级飞羽狭缘以白色。头和颈的内侧黄褐；颏及喉的上部白色，杂以黄褐色，喉的下部浅黄褐色；胸部和两胁黄褐色，具黑褐色细横斑，这与鹌鹑具黑褐色纵纹的情况显然有别。腹淡黄色；围肛羽白色微黄，羽基暗灰褐色；尾下覆羽黄褐色，具黑褐色横斑。 [2] 虹膜朱红到深红色（♂）或褐色（♀）；嘴黑色，边缘淡黑色；跗和脚趾鲜黄色；爪鲜褐色。 [2],体长120-140毫米,栖息于平原以及低山地带，河边的草地和沼泽的高芦苇内，平原或山地的河沟水域边缘的草丛中，亦常见于竹林和稀疏的矮树丛中。也在灌丛、竹林的边缘成小群游荡。罕见于中国南部及东部低海拔的草地、灌木丛及稻田。,云南，广西，广东，海南，福建，台湾，山东,澳大利亚，文莱达鲁萨兰国，柬埔寨，中国，印度，印度尼西亚，老挝，马来西亚，缅甸，尼泊尔，巴布亚新几内亚，菲律宾，新加坡，斯里兰卡，泰国，东帝汶，越南,无危,种群现状：该物种分布范围广，不接近物种生存的脆弱濒危临界值标准（分布区域或波动范围小于20000平方公里，栖息地质量，种群规模，分布区域碎片化），种群数量趋势稳定，因此被评价为无生存危机的物种。 [6]
095-黑颈鸬鹚,http://localhost:8000/info/static/animals/095-黑颈鸬鹚.txt,《黑颈鸬鹚》,黑颈鸬鹚,鸟纲,鹈形目,鸬鹚科,黑颈鸬鹚（学名：Phalacrocorax niger），中型水鸟，体长50~51厘米。繁殖期通体黑色，缀有深蓝色和蓝绿色光泽；肩、内侧次级飞羽及翅覆羽暗银灰色，羽缘黑色；头顶、头的两边和颈缀有少许白色丝状羽；枕部和后颈有轻微的短的羽冠。主要以鱼为食。繁殖于各种适合于营巢而又富有食物的湖泊、池塘和沼泽地上，也营巢于比较小的水塘。常成5~6对的小群在一起营巢，偶尔也见有多至50~60对的大群在一起营巢于水边树上或比较高的草丛中。,一种中型鸬鹚，个体较一般鸬鹚小得多。身体细长，嘴短粗，头较圆，颈较短，圆尾较长。繁殖期通体黑色，缀有深蓝色和蓝绿色光泽；肩、内侧次级飞羽及翅覆羽暗银灰色，羽缘黑色；头顶、头的两边和颈缀有少许白色丝状羽；枕部和后颈有轻微的短的羽冠。非繁殖期头和颈部的白色丝状羽消失，颏和喉白色。 [3] 虹膜绿色，嘴角褐色，尖端黑色，基部铅紫色。非繁殖期喉囊和眼周皮肤黑色，繁殖期为紫色，脚和跗黑色，繁殖期缀有肉紫色。 [3] 幼鸟通体褐色，背部羽毛具淡色羽缘，肩和内侧次级飞羽灰色，羽缘淡白色和具有宽的黑色纹，喉白色，腹中部白色，两胁和胸缀有淡褐白色。 [3],体长500~510毫米,栖息于内陆湖泊、江河、水库、池塘和沼泽地区，在非繁殖季节甚至进到村庄附近的小水塘,云南,孟加拉国，不丹，中国，柬埔寨，印度，印度尼西亚，老挝，马来西亚，缅甸，尼泊尔，巴基斯坦，斯里兰卡，泰国，越南,无危,种群现状：该物种分布范围非常大，不接近物种生存的脆弱濒危临界值标准（分布区域或波动范围小于20000平方公里，栖息地质量，种群规模，分布区域碎片化），种群数量趋势稳定，因此被评价为无生存危机的物种。
096-沙地大眼长蝽,http://localhost:8000/info/static/animals/096-沙地大眼长蝽.txt,《沙地大眼长蝽》,沙地大眼长蝽,昆虫纲,半翅目,长蝽科,成虫：体黑色，长3.7―4.0毫米，宽1.7―1.8毫米。头黑色，具光泽，无刻点，密布淡色短毛，前端略呈三角形；复眼大而突出，褐色或铜红色；触角4节，具斜伸的短毛，第1―2节末端淡黄，其余黑色，第3基半部黑色，端半及第4节淡黄。喙黑褐，达中足基部。前胸背板前半黑色，后半黄褐，除后缘外；遍布刻点，深大而稀疏。小盾片黑色，呈三角形，具刻点。翅革片与爪片淡黄白色，膜片无色透明。胸部腹面除前胸腹板前缘、足基节臼淡色外，其余黑色。腹部背、腹面黑色，仅侧缘淡包。足淡黄褐。卵：长椭圆形，长0.8―0.9毫米，宽0.3毫米，一端略大。卵壳有粗刻点，并有5个排成环状的“T”形肋纹。若虫：一龄长1.0―1.3毫米，淡黄色，复眼紫红。初孵时腹部背面第4、5、6节中央各有一椭圆形红斑。二龄体长1.4―1.9毫米，橙黄色，翅芽不显。三龄体长2.0―2.4毫米，翅芽显露。四龄体长2.5―2.8毫米，翅芽达腹部第2节，体背两侧有淡红色条斑。五龄体长3.0―3.5毫米，宽1.6毫米，黑褐色；头黑，宽三角形；复眼黑褐，触角颜色与成虫相同；喙褐色，达中足基节；体背面从前胸背板至腹末，中央较淡，两侧色深，外侧再变淡；翅芽达腹部第3节，基部黑色，端部灰色；体腹面两侧色较浅。,新疆库尔勒地区以成虫在枯枝落叶下及土缝中越冬，苜蓿田及护田林下数量最多，果园、菜地、苗圃中亦有。10月下旬平均温到8℃时开始入蛰，次年3月下旬旬平均温到9℃时大量出蛰。一年发生3代，越冬代成虫4月中旬交尾、产卵，卵期20―24天，5月中旬第1代若虫孵化盛期，6月上旬第1代成虫羽化盛。第2代卵期11―13天，7月上旬、中旬分别为第2代若虫孵化和成虫羽化盛期。8月中旬、下旬分别为第3代若虫孵化和成虫羽化盛期。成虫迁入地膜棉田的时间为5月下旬，露地棉田稍晚；在棉田繁殖两代，9月迁出棉田。成、若虫行动敏捷，多隐藏于棉叶背面及苞叶内，卵亦多散产于其中。此虫对辛硫磷、乐果、敌百虫等农药已产生一定抗药性。,长3.7―4.0毫米，宽1.7―1.8毫米,,新疆,前苏联，伊朗，土耳其，欧洲,,捕食蚜虫、蓟马、叶螨、盲蝽、夜蛾科昆虫的卵和幼虫。
097-白鹈鹕,http://localhost:8000/info/static/animals/097-白鹈鹕.txt,《白鹈鹕》,白鹈鹕,鸟纲,鹈形目,鹈鹕科,白鹈鹕 [1]  （学名：Pelecanus onocrotalus），俗名又称犁鹕、 逃河、 淘鹅、塘鹅、淘河、鸭。繁殖都在欧洲东南地区，越冬在亚洲西南部以至非洲。在中国见于新疆（天山西部， 准噶尔盆地西部和南部水域，塔里木河流域）、青海湖。,大型水禽，体长140-175cm。体形粗短肥胖，颈细长。通体白色。嘴长而粗直，铅蓝色，嘴下有一橙黄色皮囊。繁殖羽头后部有一簇长而窄的白色冠羽。黑色的眼位于粉黄色的脸斑上极为醒目。胸有一簇黄色长的披针形羽毛。初级飞羽和次级飞羽内黑褐色，羽轴白色；次级飞羽外白色，有时亦延伸至内。头、颈和长的冠羽缀有粉黄色，有时扩展至上背和肩。嘴铅蓝色，嘴尖和上下嘴缘红色。脚肉色。幼鸟头、颈、背中部和下体白色，头和颈缀有赤褐色，其余羽毛淡褐色，羽缘较淡。飞羽和尾羽较暗，大覆羽缀有银灰色。[2]相似种卷羽鹈鹕个体较大，嘴灰色，喉囊鲜红色，脚黑灰色，体较灰，飞行时翼下仅翼尖为黑色。,体长140-175cm,白鹈鹕主要栖息于湖泊、江河、沿海和沼泽地带。,新疆，青海,欧洲南部，非洲，亚洲，非洲，阿曼，阿联酋，塞尔维亚，黑山，斯里兰卡,低危,
098-鲸鲨,http://localhost:8000/info/static/animals/098-鲸鲨.txt,《鲸鲨》,鲸鲨,软骨鱼纲,须鲨目,鲸鲨科,体庞大，前部平扁，自第一背鳍以后渐细小。头宽扁，约为全长五分之一；尾细小，比头和躯干为短，尾基上方有一凹洼，尾柄两侧各具一侧褶。背面正中自头后至第一背鳍具一皮嵴；体侧自第一鳃孔前面上方始具2皮嵴，E皮嵴后延到第一背鳍近处分为两枝，伸达第二背鳍下方，下皮嵴在鳃孔区上方弧形弯下，伸达尾柄。吻宽而短，钝圆带截形；眼小，圆形，无瞬膜，眼间隔很宽；鼻孔宽大，位于吻端两侧，出水孔开口于口内。口巨大，端位；上唇褶发达，伸达鼻孔，下唇褶短小，见于口隅处；牙多而细小，圆锥形，齿头后斜，多行使用，每颌约340余纵行。喷水孔椭圆形，比眼为小，位于眼后角上方。鳃孔5个，很宽大，最后2个位于胸鳍基底上方；鳃弓具许多鳃耙，分成许多小枝，交叉结成海绵状过滤器。背鳍2个，无硬棘；第一背鳍位于体腔后部上方，其基底后部与腹鳍基底相对；第二背鳍小，起点稍前于臀鳍起点；尾鳍叉形，尾椎轴上翘，臀鳍很小，基底与第二背鳍基底后半部相对；腹鳍约与臀鳍等大；胸鳍宽大，稍呈镰刀形。,体灰褐、赤褐或青褐色，具许多黄色斑点及横条。大洋性上层鱼类，有时也来近海索饵，好群游，常在水面上晒日或徐游摄取浮游生物为食，也吞食小型鱼类。进行远程洄游，在我国沿海夏秋北上，冬春南返。,长普通10米左右，最大者可达20米。,,,印度洋，太平洋，大西洋，温带各海区,,
099-岩鹭,http://localhost:8000/info/static/animals/099-岩鹭.txt,《岩鹭》,岩鹭,鸟纲,鹳形目,鹭科,岩鹭（学名：Egretta sacra），鹭科白鹭属鸟类，中型涉禽，体长60-75厘米，翼长25-30毫米，体重330-700克。嘴较长而粗钝，颈长，脚较粗短，体色有白色和黑色两种色型。黑色型较常见，体羽清一深灰色并具短冠羽，近白色的颏在野外清楚可见。白色型与牛背鹭的区别在体型较大，头及颈狭窄。与其他鹭的区别为腿偏绿色且相对较短，嘴浅色，习性也不同。虹膜黄色；嘴浅黄；脚绿色,岩鹭是一种中型涉禽，体长60-75厘米、嘴长70-86毫米、翼展25-30毫米、尾长91-98毫米、跗72-77毫米；体重330-700克。嘴较长而粗钝，颈长，脚较粗短，体色有白色和黑色两种色型。 [4-5] 白色型全身的羽毛洁白无瑕，脸部裸露的皮肤为黄绿色，眼睛和嘴通常为黄色，脚为黄绿色，趾为黄色，繁殖期间头后部和前颈下部生有长的披针形饰羽，背部有长的蓑羽，但仅抵达尾羽的基部。冬季头部、背部和前颈的饰羽消失。它与体羽也是白色的白鹭、黄嘴白鹭等难以区别，只有嘴较为粗厚，直到先端才变细的特点较为突出，不象白鹭或黄嘴白鹭的嘴那样逐渐变细变尖，另外它们还有两点主要的不同：一是岩鹭的脚较为粗短，胫下部裸露的部分少，飞行时脚超出尾羽的部分也少，而白鹭和黄嘴白鹭的脚较为细长，胫下部裸露得多，飞翔时脚远远超出尾羽的外面；二是白鹭和黄嘴白鹭背部蓑羽均超过了尾羽的端部，而岩鹭则仅达到尾羽的基部。 [4-5] 黑色型全身羽毛主要呈暗石板灰色或者蓝灰色，颏和喉部有一白色纵纹，头后、前颈下部和背部在繁殖期有长的羽饰，眼黄色，嘴灰褐色或灰，上嘴通常较下嘴暗，脚黄绿色或灰色，趾黄色，这种色型的岩鹭与其他鹭类区别起来就很容易了,体长60-75厘米,岩鹭是典型的海岸鸟类，而且是一种留鸟，主要生活于热带和亚热带海洋中的岛屿和沿海海岸一带，尤其喜欢栖息在多岩礁的海岛和海岸岩石上。生活于海岸边的红树林内、泥滩、海滩、潮汐河流和小溪，倾向于避开沙质海岸或那些岩壁陡峭的海岸。,沿海,澳大利亚，孟加拉国，文莱达鲁萨兰国，柬埔寨，中国，圣诞岛，科科斯（基林）群岛，斐济，法属波利尼西亚，关岛，印度，印度尼西亚，日本，朝鲜，大韩民国，马来西亚，马绍尔群岛，密克罗尼西亚联邦，缅甸，新喀里多尼亚，新西兰，北马里亚纳群岛，帕劳，巴布亚新几内亚，菲律宾，新加坡，所罗门群岛，泰国，东帝汶，汤加，越南,无危,种群现状：岩鹭没有濒临灭绝的危险，因为它们有一个庞大而广泛的物种数量，而这个种群并未被认为处于衰退状态。 然而，在澳大利亚南部，塔斯马尼亚岛和新西兰，数量可能已经在经历一些局部下降。 [4] 对岩鹭的潜在威胁包括人为干扰，包括栖息地碎片化，船只交通和气候变化的影响。
100-海龟,http://localhost:8000/info/static/animals/100-海龟.txt,《海龟》,海龟,爬行纲,龟鳖目,海龟科,椎盾5枚；肋盾4对，第一对不与颈盾切接；喉盾前有单枚间喉盾；背、腹甲间有一系列下缘盾。前额鳞1对；吻部短圆，上颚前端不成钩曲。四肢桨状，每肢内侧各具1爪。,生活于暖水性海洋中，晚间爬至海滨沙滩产卵，年可产300―500枚，卵壳革质、白色、圆球状：卵径40―44毫米，孵化期40―50天。食刺松藻和孔石、石、裙带菜、海带以及[鱼足]、青鳞鱼、小黄鱼、对虾、蛸等。,身长达1米以上。雄性背甲长840毫米，雌性460毫米。,,山东,,濒危,
